http://allrecipes.com/recipe/microwave-macaroni-and-cheese/detail.aspx,Pasta,./attractive_pasta/Microwave Macaroni and Cheese.jpg,Microwave Macaroni and Cheese,659,"macaroni pasta,butter,onion,cheese,milk,salt,black pepper",4,31.2g,54g,1.9g,3.9g,35.2g,21.8g,1158.7mg,5,914,228,13.654266958424508,23.632385120350108,0.8315098468271335,1.7067833698030634,15.40481400437637,9.540481400437637,507.0897155,2.943098,1.2880078774617068,1207.4841137855578,D,8,Labels_MMCIS/Pasta-8-Microwave Macaroni and Cheese.jpeg,4.1,10,images/good_images/Pasta-8-Microwave Macaroni and Cheese-good.jpg,images/bad_images/Pasta-8-Microwave Macaroni and Cheese-bad.jpg
http://allrecipes.com/recipe/pasta-salad-ii/detail.aspx,Pasta,./attractive_pasta/Pasta Salad II.jpg,Pasta Salad II,446,"rotini pasta,Monterey Jack cheese,olives,cucumber",8,15g,45.6g,3.1g,3.9g,23.3g,7.2g,1097.7mg,5,1381.1333,173,8.688516887,26.41309133593405,1.7956268232762185,2.2590143905733067,13.496162897527704,4.1704881056737975,635.8256657775178,2.788158,1.614997191074895,1081.6119197183937,D,8,Labels_MMCIS/Pasta-10-Pasta Salad II.jpeg,4.333333333333333,15,images/good_images/Pasta-10-Pasta Salad II-good.jpg,images/bad_images/Pasta-10-Pasta Salad II-bad.jpg
http://allrecipes.com/recipe/pearl-couscous-salad/detail.aspx,Pasta,./attractive_pasta/Pearl Couscous Salad.jpg,Pearl Couscous Salad,560,"green onion,honey,lemon,olive oil,couscous,lentils,cucumber,red pepper,cranberries,raisins,red onion,parsley,tomato,salt,black pepper",6,12.7g,82.2g,9.9g,22g,21g,2.9g,42.8mg,5,2060.53333,343,3.6980717026305023,23.93555070521475,2.882748807562361,6.406108461,6.114921713011067,0.8444415698920044,12.46279282461303,0.1087119999999999,0.031655494,682.7187794142595,A,6,Labels_MMCIS/Pasta-12-Pearl Couscous Salad.jpeg,5,1,images/good_images/Pasta-12-Pearl Couscous Salad-good.jpg,images/bad_images/Pasta-12-Pearl Couscous Salad-bad.jpg
http://allrecipes.com/recipe/turkey-macaroni-salad/detail.aspx,Pasta,./attractive_pasta/Turkey Macaroni Salad.jpg,Turkey Macaroni Salad,858,"green onion,celery,turkey,white pepper,salt,yogurt,mayonnaise,fusilli pasta",4,39.9g,46.8g,2.5g,5.9g,57.2g,11.1g,1021.2mg,5,1260.3,315,12.66365151154487,14.853606284218044,0.7934618741569468,1.8725700230103943,18.154407680710943,3.5229707212568435,324.1133063556296,2.5938480000000004,0.8232477981432994,1140.1331111640086,C,8,Labels_MMCIS/Pasta-17-Turkey Macaroni Salad.jpeg,4.333333333333333,3,images/good_images/Pasta-17-Turkey Macaroni Salad-good.jpg,images/bad_images/Pasta-17-Turkey Macaroni Salad-bad.jpg
http://allrecipes.com/recipe/alysias-basic-meat-lasagna/detail.aspx,Pasta,./attractive_pasta/Alysia's Basic Meat Lasagna.jpg,Alysia's Basic Meat Lasagna,567,"egg,beef,garlic,spaghetti sauce,tomato sauce,oregano,olive oil,onion,lasagna noodles pasta,Parmesan cheese,oregano,milk,ricotta cheese,provolone cheese,mozzarella cheese,garlic",10,36g,35.6g,3.1g,10.3g,31.4g,14.5g,943.1mg,5,3074.526667,307,11.709119451264138,11.57901812402787,1.0082852860810785,3.350109176333906,10.212954188047052,4.716173112314722,306.74640429131136,2.395474,0.7791358668999309,772.1239257672048,C,7,Labels_MMCIS/Pasta-19-Alysia^s Basic Meat Lasagna.jpeg,4.591397849462366,93,images/good_images/Pasta-19-Alysia's Basic Meat Lasagna-good.jpg,images/bad_images/Pasta-19-Alysia's Basic Meat Lasagna-bad.jpg
http://allrecipes.com/recipe/birdmans-marinara-sauce/detail.aspx,Pasta,./attractive_pasta/Birdman's Marinara Sauce.jpg,Birdman's Marinara Sauce,92,"tomato,olive oil,onion,garlic,tomato sauce,mushroom,pepper,carrot,zucchini, celery,red wine,soy sauce,black pepper,,sage,oregano,basil",10,4.1g,17.4g,4.4g,10g,2g,0.3g,724mg,4,2808.1000000000004,281,1.4600619636052845,6.196360528471208,1.566895765820305,3.561126740500694,0.7122253481001388,0.1068338022150208,257.8255760122503,1.83896,0.6548769630711155,137.1694740215804,A,5,Labels_MMCIS/Pasta-20-Birdman^s Marinara Sauce.jpeg,4.5,2,images/good_images/Pasta-20-Birdman's Marinara Sauce-good.jpg,images/bad_images/Pasta-20-Birdman's Marinara Sauce-bad.jpg
http://allrecipes.com/recipe/buffalo-cheesy-chicken-lasagna/detail.aspx,Pasta,./attractive_pasta/Buffalo Cheesy Chicken Lasagna.jpg,Buffalo Cheesy Chicken Lasagna,435,"blue cheese,mozzarella cheese,lasagna noodles pasta,egg,chicken,spaghetti sauce,sauce,vinegar,garlic,onion,green pepper,mushroom,ricotta cheese",10,33.3g,40g,4.2g,11.4g,15.4g,7.7g,932.4mg,5,3273.366667,327,10.173012493745174,12.21983482732153,1.2830826568687606,3.482652925786636,4.704636408518789,2.352318204259394,284.8443498248648,2.368296,0.7235046485551568,556.3867984484489,B,7,Labels_MMCIS/Pasta-21-Buffalo Cheesy Chicken Lasagna.jpeg,4.086956521739131,23,images/good_images/Pasta-21-Buffalo Cheesy Chicken Lasagna-good.jpg,images/bad_images/Pasta-21-Buffalo Cheesy Chicken Lasagna-bad.jpg
http://allrecipes.com/recipe/chicken-and-broccoli-pasta/detail.aspx,Pasta,./attractive_pasta/Chicken and Broccoli Pasta.jpg,Chicken and Broccoli Pasta,368,"olive oil,penne pasta,oregano,salt,pepper,broccoli,chicken,onion,garlic, tomato,basil,Parmesan cheese",8,23.5g,51g,3.6g,5g,7.7g,1.4g,296.1mg,5,1996.41167,250,9.416895464250617,20.436666752203465,1.4425882413320092,2.003594779627791,3.085535960626798,0.5610065382957814,118.65288284955776,0.752094,0.3013783224378767,617.4046858782386,A,6,Labels_MMCIS/Pasta-22-Chicken and Broccoli Pasta.jpeg,3.851851851851852,27,images/good_images/Pasta-22-Chicken and Broccoli Pasta-good.jpg,images/bad_images/Pasta-22-Chicken and Broccoli Pasta-bad.jpg
http://allrecipes.com/recipe/grandmothers-polish-cabbage-and-noodles/detail.aspx,Pasta,./attractive_pasta/Grandmother's Polish Cabbage and Noodles.jpg,Grandmother's Polish Cabbage and Noodles,618,"sugar,ham,farfalle pasta,onion,cabbage,butter",4,24.8g,82.3g,10.9g,14.3g,23.1g,11.2g,708.9mg,5,1956.82,489,5.069449412822846,16.82321317239194,2.2281047822487507,2.923109943684141,4.721946832,2.289428767081285,144.90857615927882,1.800606,0.3680677834445682,528.9075949755215,A,7,Labels_MMCIS/Pasta-25-Grandmother^s Polish Cabbage and Noodles.jpeg,4,2,images/good_images/Pasta-25-Grandmother's Polish Cabbage and Noodles-good.jpg,images/bad_images/Pasta-25-Grandmother's Polish Cabbage and Noodles-bad.jpg
http://allrecipes.com/recipe/pasta-fazul/detail.aspx,Pasta,./attractive_pasta/Pasta Fazul.jpg,Pasta Fazul,452,"oregano,Parmesan cheese,butter,macaroni pasta,cannellini beans,tomato,olive oil,salt,pepper,basil,parsley,carrot,onion, garlic",5,15.7g,59.3g,7.9g,5g,17.7g,5.3g,227.9mg,5,1282.2,256,6.122289814381531,23.124317579160817,3.0806426454531275,1.9497738262361568,6.902199344875994,2.0667602558103257,88.87069099984403,0.5788660000000001,0.2257315551396038,737.9635002339728,A,6,Labels_MMCIS/Pasta-28-Pasta Fazul.jpeg,4.636363636363637,11,images/good_images/Pasta-28-Pasta Fazul-good.jpg,images/bad_images/Pasta-28-Pasta Fazul-bad.jpg
http://allrecipes.com/recipe/penne-with-mango-chile-sauce/detail.aspx,Pasta,./attractive_pasta/Penne with Mango Chile Sauce.jpg,Penne with Mango Chile Sauce,469,"salt,penne pasta,honey,vinegar,cinnamon,cloves,vegetable oil,mango,red onion,red chile pepper,tomato,red wine,bay,olives,cilantro",6,12.4g,78.3g,6.4g,15.4g,10.8g,1.7g,463.2mg,5,1689.77214,282,4.402960508036309,27.802565143487328,2.272495746083256,5.468192889012834,3.834836571515495,0.6036316825533647,164.47187962277565,1.176528,0.4177585742418501,697.2333678078039,A,7,Labels_MMCIS/Pasta-29-Penne with Mango Chile Sauce.jpeg,0,0,images/good_images/Pasta-29-Penne with Mango Chile Sauce-good.jpg,images/bad_images/Pasta-29-Penne with Mango Chile Sauce-bad.jpg
http://allrecipes.com/recipe/ambers-penne-alla-vodka/detail.aspx,Pasta,./attractive_pasta/Amber's Penne Alla Vodka.jpg,Amber's Penne Alla Vodka,560,"olive oil,penne pasta,cream,vodka,garlic,tomato,basil,salt,black pepper,onion",8,12.2g,58.9g,5.6g,11.2g,29.2g,14.8g,501.4mg,5,2753.220325,344,3.5449396880360453,17.114503903715004,1.6271854305739224,3.254370861147845,8.484609745135453,4.300418637945366,145.6912098017437,1.273556,0.370055673,681.2699960726899,B,7,Labels_MMCIS/Pasta-36-Amber^s Penne Alla Vodka.jpeg,4,4,images/good_images/Pasta-36-Amber's Penne Alla Vodka-good.jpg,images/bad_images/Pasta-36-Amber's Penne Alla Vodka-bad.jpg
http://allrecipes.com/recipe/carries-artichoke-and-sun-dried-tomato-pasta/detail.aspx,Pasta,./attractive_pasta/Carrie's Artichoke and Sun-Dried Tomato Pasta.jpg,Carrie's Artichoke and Sun-Dried Tomato Pasta,611,"olives,Parmesan cheese,artichoke,tomato,garlic,mushroom,onion,butter,fettuccine pasta,wine,lemon juice,tomato,black pepper",4,21.3g,61.1g,8.9g,3.2g,29.5g,11.9g,887.7mg,5,1539.25312,385,5.535152009306956,15.877830411673944,2.3128099944991507,0.8315721328536272,7.666055599744375,3.092408869049426,230.68330697942653,2.2547580000000003,0.5859355997277433,664.7730036759647,A,7,Labels_MMCIS/Pasta-38-Carrie^s Artichoke and Sun-Dried Tomato Pasta.jpeg,4.319148936170213,47,images/good_images/Pasta-38-Carrie's Artichoke and Sun-Dried Tomato Pasta-good.jpg,images/bad_images/Pasta-38-Carrie's Artichoke and Sun-Dried Tomato Pasta-bad.jpg
http://allrecipes.com/recipe/chickn-parmesan-casserole/detail.aspx,Pasta,./attractive_pasta/Chick'n Parmesan Casserole.jpg,Chick'n Parmesan Casserole,188,"tomato sauce,mozzarella cheese,chicken,rotini pasta,white pepper,garlic,Parmesan cheese,olive oil,basil",8,10.8g,29.4g,3.2g,5.3g,3.5g,1.5g,721.7mg,4,1323.65,165,6.527405278879642,17.769047703616803,1.9340460085569309,3.203263701672417,2.115362821859143,0.9065840665110614,436.1878138673553,1.833118,1.1079170472230826,475.7259999317868,A,5,Labels_MMCIS/Pasta-39-Chick^n Parmesan Casserole.jpeg,4.833333333333333,6,images/good_images/Pasta-39-Chick'n Parmesan Casserole-good.jpg,images/bad_images/Pasta-39-Chick'n Parmesan Casserole-bad.jpg
http://allrecipes.com/recipe/couscous-with-olives-and-sun-dried-tomato/detail.aspx,Pasta,./attractive_pasta/Couscous with Olives and Sun-Dried Tomato.jpg,Couscous with Olives and Sun-Dried Tomato,528,"couscous,olive oil,black pepper,salt,vegetable broth,pine nuts,garlic,shallot, tomato,olives,parsley,vegetable broth",4,13g,55.5g,5.4g,2.9g,29.3g,4.1g,455.1mg,5,1457.9811600000005,364,3.5665755790698963,15.22653420295225,1.4815006251521108,0.7956207061002076,8.038512651288304,1.124843067245121,124.85758046420844,1.155954,0.3171382543790894,606.4907999222705,A,6,Labels_MMCIS/Pasta-40-Couscous with Olives and Sun-Dried Tomato.jpeg,4,1,images/good_images/Pasta-40-Couscous with Olives and Sun-Dried Tomato-good.jpg,images/bad_images/Pasta-40-Couscous with Olives and Sun-Dried Tomato-bad.jpg
http://allrecipes.com/recipe/greek-alicious-pasta-salad/detail.aspx,Pasta,./attractive_pasta/Greek-alicious Pasta Salad.jpg,Greek-alicious Pasta Salad,207,"farfalle pasta,salad dressing,mayonnaise,radish,cucumber,bean,feta cheese",10,4.5g,15.5g,1.7g,1.7g,14.5g,3.4g,414.1mg,5,918.83333,92,4.897514982396209,16.869218272698053,1.8501723266830123,1.8501723266830123,15.78088160994334,3.7003446533660247,450.6802120467268,1.051814,1.144727738598686,943.2261235016368,C,7,Labels_MMCIS/Pasta-42-Greek-alicious Pasta Salad.jpeg,4.769230769230769,13,images/good_images/Pasta-42-Greek-alicious Pasta Salad-good.jpg,images/bad_images/Pasta-42-Greek-alicious Pasta Salad-bad.jpg
http://allrecipes.com/recipe/inside-out-ravioli-ii/detail.aspx,Pasta,./attractive_pasta/Inside Out Ravioli II.jpg,Inside Out Ravioli II,798,"Cheddar cheese,pasta sauce,beef,spinach,eashell pasta",6,38.7g,90.9g,10.2g,24.5g,31.5g,14.1g,1310.5mg,5,2874.8,479,8.077083623208571,18.97175455683874,2.128843745651871,5.113399192987338,6.574370391,2.9428134131069985,273.5146793,3.32867,0.694727285,697.3145401419229,B,8,Labels_MMCIS/Pasta-43-Inside Out Ravioli II.jpeg,4.2,25,images/good_images/Pasta-43-Inside Out Ravioli II-good.jpg,images/bad_images/Pasta-43-Inside Out Ravioli II-bad.jpg
http://allrecipes.com/recipe/italian-mini-meat-loaves/detail.aspx,Pasta,./attractive_pasta/Italian Mini Meat Loaves.jpg,Italian Mini Meat Loaves,675,"white onion,egg,Cheese Sauce,bread crumbs,Parmesan cheese,garlic,salt,black pepper,mozzarella cheese,parsley,sausage,olive oil,beef",4,43.6g,27.8g,4.9g,8.8g,42.9g,15.5g,1862.7mg,5,1693.039997,423,10.30099704318462,6.568066922,1.1576808603579047,2.079100320642768,10.135614063133492,3.662051701132147,440.0841099160549,4.731258,1.1178136391867797,667.6959801324225,B,7,Labels_MMCIS/Pasta-44-Italian Mini Meat Loaves.jpeg,4.714285714285714,7,images/good_images/Pasta-44-Italian Mini Meat Loaves-good.jpg,images/bad_images/Pasta-44-Italian Mini Meat Loaves-bad.jpg
http://allrecipes.com/recipe/mediterranean-chicken-and-orzo-salad-in-red-pepper-cups/detail.aspx,Pasta,./attractive_pasta/Mediterranean Chicken and Orzo Salad In Red Pepper Cups.jpg,Mediterranean Chicken and Orzo Salad In Red Pepper Cups,462,"salt,vinegar,mustard,garlic,oregano,basil,onion,olive oil,oregano,red pepper,chicken,feta cheese,olives,tomato,black pepper,orzo pasta",4,18g,52.3g,4.5g,4g,19.9g,4.6g,579.9mg,5,879.674863,220,8.184842267113867,23.781513920558623,2.0462105667784667,1.818853837136415,9.048797839753664,2.0916819127068766,263.68833503885173,1.472946,0.6697683709986834,879.5529718347767,A,7,Labels_MMCIS/Pasta-45-Mediterranean Chicken and Orzo Salad In Red Pepper Cups.jpeg,4.818181818181818,11,images/good_images/Pasta-45-Mediterranean Chicken and Orzo Salad In Red Pepper Cups-good.jpg,images/bad_images/Pasta-45-Mediterranean Chicken and Orzo Salad In Red Pepper Cups-bad.jpg
http://allrecipes.com/recipe/reuben-mac-and-cheese/detail.aspx,Pasta,./attractive_pasta/Reuben Mac and Cheese.jpg,Reuben Mac and Cheese,583,"beef,butter,black pepper,salt,onion,bread,bread crumbs,noodles pasta,mustard,flour,milk,cheese,sauerkraut",8,28.6g,56.6g,3.5g,7.1g,27.6g,15.4g,1230.4mg,5,2408.7208399999995,301,9.498817637995778,18.798359381488147,1.1624427179365462,2.358098084956993,9.166691147156763,5.114747958920804,408.6484343283219,3.1252160000000004,1.0379670231939375,810.6890128455069,C,8,Labels_MMCIS/Pasta-49-Reuben Mac and Cheese.jpeg,3.6666666666666665,3,images/good_images/Pasta-49-Reuben Mac and Cheese-good.jpg,images/bad_images/Pasta-49-Reuben Mac and Cheese-bad.jpg
http://allrecipes.com/recipe/sloppy-joe-mac-and-cheese/detail.aspx,Pasta,./attractive_pasta/Sloppy Joe Mac and Cheese.jpg,Sloppy Joe Mac and Cheese,832,"Worcestershire sauce,Cheddar cheese,black pepper,mustard,macaroni pasta,beef,tomato,butter,onion,flour,salt",8,41.1g,61.3g,4.1g,5.7g,46.5g,26.3g,1403.3mg,5,3106.025,388,10.585877447863426,15.788668796934989,1.056012105504624,1.4681143905795992,11.976722659991468,6.773931310919905,361.4394604035705,3.564382,0.9180562294250688,897.2027205189912,D,8,Labels_MMCIS/Pasta-50-Sloppy Joe Mac and Cheese.jpeg,4.111111111111111,9,images/good_images/Pasta-50-Sloppy Joe Mac and Cheese-good.jpg,images/bad_images/Pasta-50-Sloppy Joe Mac and Cheese-bad.jpg
http://allrecipes.com/recipe/turkey-ragu-with-fontina-and-parmesan/detail.aspx,Pasta,./attractive_pasta/Turkey Ragu with Fontina and Parmesan.jpg,Turkey Ragu with Fontina and Parmesan,421,"macaroni pasta,Parmesan cheese,olive oil,onion,turkey,Parmesan cheese,fontina cheese,pepper,salt,basil,oregano,parsley,tomato,garlic",8,26g,49.8g,3.6g,5.4g,13.2g,5.3g,687.4mg,5,2138.645055,267,9.725784066585094,18.62861717368991,1.3466470246040898,2.019970536906135,4.937705756881663,1.9825636751115767,257.13476797579204,1.745996,0.6531223106585118,659.3493561277282,A,7,Labels_MMCIS/Pasta-52-Turkey Ragu with Fontina and Parmesan.jpeg,4.466666666666667,15,images/good_images/Pasta-52-Turkey Ragu with Fontina and Parmesan-good.jpg,images/bad_images/Pasta-52-Turkey Ragu with Fontina and Parmesan-bad.jpg
http://allrecipes.com/recipe/wisconsin-five-cheese-bake/detail.aspx,Pasta,./attractive_pasta/Wisconsin Five-Cheese Bake.jpg,Wisconsin Five-Cheese Bake,342,"parsley,macaroni pasta,mozzarella cheese,cream,sour cream,ricotta cheese,provolone cheese,Parmesan cheese,Swiss cheese,garlic,salt",12,16g,30.8g,1.7g,0.9g,15.4g,9.3g,359.3mg,5,1245.25,104,15.418590644448908,29.680786990564144,1.638225255972696,0.867295724,14.840393495282072,8.962055812085927,346.2437261594057,0.912622,0.8794590644448906,1379.8536197550693,D,8,Labels_MMCIS/Pasta-54-Wisconsin Five-Cheese Bake.jpeg,4.421052631578948,19,images/good_images/Pasta-54-Wisconsin Five-Cheese Bake-good.jpg,images/bad_images/Pasta-54-Wisconsin Five-Cheese Bake-bad.jpg
http://allrecipes.com/recipe/alla-checca/detail.aspx,Pasta,./attractive_pasta/Alla Checca.jpg,Alla Checca,610,"tomato,garlic,basil,olive oil,salt,Parmesan cheese,pasta",4,15.5g,69.4g,6.4g,4.1g,30.7g,4.6g,76.7mg,5,1220.02333,305,5.081870032764046,22.75366324347257,2.0983205296574123,1.3442365893117796,10.06538129,1.508167880691265,25.147060097613057,0.194818,0.063873533,837.3439875121077,A,6,Labels_MMCIS/Pasta-55-Alla Checca.jpeg,4.642857142857143,56,images/good_images/Pasta-55-Alla Checca-good.jpg,images/bad_images/Pasta-55-Alla Checca-bad.jpg
http://allrecipes.com/recipe/blt-pasta-salad/detail.aspx,Pasta,./attractive_pasta/BLT Pasta Salad.jpg,BLT Pasta Salad,341,"tomato,seashell pasta,bacon,salad dressing,onion",10,12.2g,38.2g,2.1g,4g,15.5g,3g,711.2mg,5,1578,158,7.731305449936628,24.20785804816223,1.3307984790874523,2.534854245880862,9.822560203,1.9011406844106464,450.6970849176173,1.806448,1.1447705956907477,904.7520912547528,B,7,Labels_MMCIS/Pasta-57-BLT Pasta Salad.jpeg,4.512,125,images/good_images/Pasta-57-BLT Pasta Salad-good.jpg,images/bad_images/Pasta-57-BLT Pasta Salad-bad.jpg
http://allrecipes.com/recipe/light-southwestern-tomato-pasta/detail.aspx,Pasta,./attractive_pasta/Light Southwestern Tomato Pasta.jpg,Light Southwestern Tomato Pasta,582,"cilantro,tomato,pasta,basil,Parmesan cheese,salt,pepper,olive oil,oregano,sugar",4,17.2g,80.3g,7.3g,6.9g,21.9g,3.4g,64.9mg,5,1274.321676,319,5.398950774,25.205566692752647,2.291415153886604,2.165858159153092,6.874245461659813,1.0672344552348567,20.37162239551241,0.164846,0.051743921,764.8673471756433,A,5,Labels_MMCIS/Pasta-62-Light Southwestern Tomato Pasta.jpeg,4,2,images/good_images/Pasta-62-Light Southwestern Tomato Pasta-good.jpg,images/bad_images/Pasta-62-Light Southwestern Tomato Pasta-bad.jpg
http://allrecipes.com/recipe/vincentes-macaroni-and-cheese/detail.aspx,Pasta,./attractive_pasta/Vincente's Macaroni and Cheese.jpg,Vincente's Macaroni and Cheese,463,"butter,onion,flour,mustard,salt,black pepper,milk,Cheddar cheese,macaroni pasta",4,20.9g,50.7g,2.3g,5.3g,19.3g,11.7g,458.3mg,5,746.025,187,11.20605877819108,27.184075600683624,1.233202640662176,2.841727824,10.348178680339132,6.273248215542375,245.72903052846755,1.164082,0.6241517375423076,1039.3691364230422,C,8,Labels_MMCIS/Pasta-74-Vincente^s Macaroni and Cheese.jpeg,4.333333333333333,3,images/good_images/Pasta-74-Vincente's Macaroni and Cheese-good.jpg,images/bad_images/Pasta-74-Vincente's Macaroni and Cheese-bad.jpg
http://allrecipes.com/recipe/brooklyn-girls-penne-arrabiata/detail.aspx,Pasta,./attractive_pasta/Brooklyn Girl's Penne Arrabiata.jpg,Brooklyn Girl's Penne Arrabiata,588,"salt,garlic,bread crumbs,egg,pepper,olive oil,garlic,red pepper,tomato,tomato sauce,basil,chicken,penne pasta",6,33.6g,75.3g,5.5g,8.6g,16.5g,3.2g,1034.2mg,5,2252.776667,375,8.948956323685149,20.05525033254439,1.464858922031795,2.290506678086079,4.394576766095385,0.8522815546366808,275.4467449391422,2.626868,0.6996347321454213,655.6810809,A,6,Labels_MMCIS/Pasta-80-Brooklyn Girl^s Penne Arrabiata.jpeg,4.601769911504425,226,images/good_images/Pasta-80-Brooklyn Girl's Penne Arrabiata-good.jpg,images/bad_images/Pasta-80-Brooklyn Girl's Penne Arrabiata-bad.jpg
http://allrecipes.com/recipe/farfalle-festival/detail.aspx,Pasta,./attractive_pasta/Farfalle Festival.jpg,Farfalle Festival,928,"tomato,Asiago cheese,cream,salt,garlic,black pepper,farfalle pasta,bacon,butter,red onion,chicken",2,43.1g,107.2g,5.4g,7.1g,37.6g,16.5g,1150.1mg,5,688.31666,344,12.523305770341228,31.14845426,1.569045270529991,2.063003966807952,10.925204105912533,4.794304993286085,334.1775862289894,2.921254,0.8488110690216331,1128.9427165688537,C,7,Labels_MMCIS/Pasta-84-Farfalle Festival.jpeg,4.818181818181818,11,images/good_images/Pasta-84-Farfalle Festival-good.jpg,images/bad_images/Pasta-84-Farfalle Festival-bad.jpg
http://allrecipes.com/recipe/mac-and-cheese-bake/detail.aspx,Pasta,./attractive_pasta/Mac and Cheese Bake.jpg,Mac and Cheese Bake,883,"macaroni pasta,bread crumbs,butter,Cheddar cheese,milk,flour,butter",8,38.5g,73.7g,2.9g,11.5g,47.9g,29.7g,784.3mg,5,2974.775,372,10.35372423124438,19.81998638552496,0.7798909161197065,3.0926708742678017,12.88164651108067,7.987158692674235,210.92015362506407,1.992122,0.5357371902076628,994.2115017102132,C,8,Labels_MMCIS/Pasta-86-Mac and Cheese Bake.jpeg,5,1,images/good_images/Pasta-86-Mac and Cheese Bake-good.jpg,images/bad_images/Pasta-86-Mac and Cheese Bake-bad.jpg
http://allrecipes.com/recipe/springtime-pasta-salad-2/detail.aspx,Pasta,./attractive_pasta/Springtime Pasta Salad.jpg,Springtime Pasta Salad,134,"sour cream,pasta,cucumber,olives,red onion,mayonnaise,weed,salt,mustard,garlic",8,2.5g,14.7g,0.9g,1.8g,7.7g,1.9g,391.8mg,5,717.4894999999999,90,2.7874972386355483,16.390483763177023,1.0034990059087974,2.0069980118175947,8.585491495,2.1184979013630167,436.8565672389632,0.995172,1.1096156807869664,625.5491683153551,C,7,Labels_MMCIS/Pasta-90-Springtime Pasta Salad.jpeg,3.6,5,images/good_images/Pasta-90-Springtime Pasta Salad-good.jpg,images/bad_images/Pasta-90-Springtime Pasta Salad-bad.jpg
http://allrecipes.com/recipe/balsamic-chicken-and-pasta/detail.aspx,Pasta,./attractive_pasta/Balsamic Chicken and Pasta.jpg,Balsamic Chicken and Pasta,682,"salt,black pepper,penne pasta,tomato,olive oil,balsamic vinegar,salt,pepper,garlic,basil,chicken",6,35.1g,65.4g,4g,7g,31.9g,4.9g,1266.8mg,5,2166.83,361,9.719267316771507,18.109404060309306,1.1076088110280915,1.9383154192991603,8.833180268,1.3568207935094123,350.77971045259665,3.217672,0.8909804645495955,790.6658851871167,B,6,Labels_MMCIS/Pasta-92-Balsamic Chicken and Pasta.jpeg,4.833333333333333,18,images/good_images/Pasta-92-Balsamic Chicken and Pasta-good.jpg,images/bad_images/Pasta-92-Balsamic Chicken and Pasta-bad.jpg
http://allrecipes.com/recipe/cheesy-turkey-with-pasta/detail.aspx,Pasta,./attractive_pasta/Cheesy Turkey with Pasta.jpg,Cheesy Turkey with Pasta,579,"butter,turkey,Cheddar cheese,salt,pepper,garlic,onion soup,pasta sauce,flour,rigatoni pasta,Monterey Jack cheese",6,36.6g,63.1g,3.5g,4.5g,20.1g,9.8g,537.9mg,5,1676.5630199999998,279,13.098225201221489,22.58191284691464,1.2525625192424918,1.6104375247403466,7.193287610506881,3.507175053878977,192.50096545729608,1.3662659999999998,0.488952452,867.5452712776643,B,7,Labels_MMCIS/Pasta-93-Cheesy Turkey with Pasta.jpeg,4,4,images/good_images/Pasta-93-Cheesy Turkey with Pasta-good.jpg,images/bad_images/Pasta-93-Cheesy Turkey with Pasta-bad.jpg
http://allrecipes.com/recipe/clams-and-sausage-in-spicy-marinara-with-crostini/detail.aspx,Pasta,./attractive_pasta/Clams and Sausage in Spicy Marinara with Crostini.jpg,Clams and Sausage in Spicy Marinara with Crostini,1027,"Vidalia onion,parsley,Tomato,Basil,wine,fennel,Parmesan cheese,Crostini,black pepper,salt,red pepper,garlic,sausage,olive oil,clams",4,61.5g,77.1g,5.5g,11.5g,46.6g,12.6g,1873.8mg,5,2462.7729,616,9.988740740163252,12.522470098643684,0.8933020174129739,1.867813309136218,7.568704365717196,2.0464737126188126,304.33987640516915,4.759452,0.7730232860691295,698.3743568073206,B,7,Labels_MMCIS/Pasta-94-Clams and Sausage in Spicy Marinara with Crostini.jpeg,5,2,images/good_images/Pasta-94-Clams and Sausage in Spicy Marinara with Crostini-good.jpg,images/bad_images/Pasta-94-Clams and Sausage in Spicy Marinara with Crostini-bad.jpg
http://allrecipes.com/recipe/donnas-lasagna/detail.aspx,Pasta,./attractive_pasta/Donna's Lasagna.jpg,Donna's Lasagna,406,"beef,sausage,tomato puree,tomato paste,lasagna noodles pasta,cottage cheese,egg,black pepper,Parmesan cheese,parsley,salt,mozzarella cheese,parsley,garlic,sugar",12,31.7g,26.4g,2.4g,8.2g,19.7g,9.7g,1318mg,5,2845.780082,237,13.367160814923436,11.132272729147592,1.012024793558872,3.457751377992813,8.307036847129075,4.090266873967108,555.7702824627473,3.3477200000000003,1.411656517455378,716.7837644595617,D,7,Labels_MMCIS/Pasta-95-Donna^s Lasagna.jpeg,4.444444444444445,18,images/good_images/Pasta-95-Donna's Lasagna-good.jpg,images/bad_images/Pasta-95-Donna's Lasagna-bad.jpg
http://allrecipes.com/recipe/fideo-mexican-spaghetti/detail.aspx,Pasta,./attractive_pasta/Fideo (Mexican Spaghetti).jpg,Fideo (Mexican Spaghetti),455,"vegetable oil,chicken,spaghetti pasta,tomato,onion,Cheddar cheese,salt,pepper,chili,cumin",6,32.2g,47.9g,3.3g,4.1g,14.4g,6g,212.9mg,5,1803.108722,301,10.714828098979158,15.939138693823033,1.0981035008270563,1.3643104101184644,4.7917243672453385,1.9965518196855576,70.84431373517587,0.540766,0.1799445568873466,633.9032061983448,A,6,Labels_MMCIS/Pasta-97-Fideo (Mexican Spaghetti).jpeg,4.090909090909091,44,images/good_images/Pasta-97-Fideo (Mexican Spaghetti)-good.jpg,images/bad_images/Pasta-97-Fideo (Mexican Spaghetti)-bad.jpg
http://allrecipes.com/recipe/pierogi-polish-dumplings/detail.aspx,Pasta,./attractive_pasta/Pierogi (Polish Dumplings).jpg,Pierogi (Polish Dumplings),253,"flour,salt,sour cream,egg,white pepper,potato,butter,pepper,sauerkraut,onion",12,6.4g,33.2g,2.1g,1.5g,10.6g,6g,698.3mg,5,1620.73333,135,4.738595707166707,24.58146523092729,1.5548517164140756,1.1106083688671966,7.848299139994856,4.442433475468786,517.0252159866423,1.7736819999999998,1.3132440486060712,784.2823100330762,C,7,Labels_MMCIS/Pasta-101-Pierogi (Polish Dumplings).jpeg,4.578947368421052,57,images/good_images/Pasta-101-Pierogi (Polish Dumplings)-good.jpg,images/bad_images/Pasta-101-Pierogi (Polish Dumplings)-bad.jpg
http://allrecipes.com/recipe/poppy-seed-chicken-pasta-salad/detail.aspx,Pasta,./attractive_pasta/Poppy Seed Chicken Pasta Salad.jpg,Poppy Seed Chicken Pasta Salad,253,"fusilli pasta,salad dressing,almonds,celery,cranberries,onion,chicken",6,8.5g,25.3g,1.5g,8.8g,12.5g,1.7g,162.3mg,5,596.5,99,8.549874266554903,25.44844928751048,1.5088013411567478,8.851634534786253,12.573344509639565,1.7099748533109804,163.2523051131601,0.412242,0.4146608549874266,1065.4756747694887,B,8,Labels_MMCIS/Pasta-102-Poppy Seed Chicken Pasta Salad.jpeg,5,1,images/good_images/Pasta-102-Poppy Seed Chicken Pasta Salad-good.jpg,images/bad_images/Pasta-102-Poppy Seed Chicken Pasta Salad-bad.jpg
http://allrecipes.com/recipe/ragin-cajun-pasta/detail.aspx,Pasta,./attractive_pasta/Ragin' Cajun Pasta.jpg,Ragin' Cajun Pasta,565,"butter,Parmesan cheese,fettuccine pasta,milk,garlic,sausage,tomato,broccoli,green pepper,mushroom,wine,shrimp,chicken,green onion,black pepper",4,36g,50.3g,3.7g,6.5g,23.7g,11.9g,798.7mg,5,1363.73074,341,10.55926920001818,14.753645576692069,1.0852582233352015,1.906534716669949,6.951518890011968,3.490425096672676,234.26911972373668,2.0286980000000003,0.5950435640982912,693.8442994985945,B,7,Labels_MMCIS/Pasta-103-Ragin^ Cajun Pasta.jpeg,4,1,images/good_images/Pasta-103-Ragin' Cajun Pasta-good.jpg,images/bad_images/Pasta-103-Ragin' Cajun Pasta-bad.jpg
http://allrecipes.com/recipe/sesame-noodles/detail.aspx,Pasta,./attractive_pasta/Sesame Noodles.jpg,Sesame Noodles,371,"sesame oil,sesame seeds,green onion,chili sauce,soy sauce,vinegar,safflower oil,sugar,garlic,linguine pasta",8,7.9g,52g,2.9g,10g,14.8g,1.3g,699.2mg,5,945.60541,118,6.683548902284727,43.99298011630453,2.453454660332368,8.460188483904718,12.521078956178982,1.0998245029076132,591.5363787946178,1.7759680000000002,1.5025024021383295,1314.1234460576952,C,8,Labels_MMCIS/Pasta-105-Sesame Noodles.jpeg,4.5027932960893855,179,images/good_images/Pasta-105-Sesame Noodles-good.jpg,images/bad_images/Pasta-105-Sesame Noodles-bad.jpg
http://allrecipes.com/recipe/old-school-mac-n-cheese/detail.aspx,Pasta,./attractive_pasta/Old School Mac n' Cheese.jpg,Old School Mac n' Cheese,507,"flour,butter,Parmesan cheese,Cheddar cheese,potato,American cheese,macaroni pasta,salt,black pepper,cayenne pepper,onion,mustard,Worcestershire sauce,milk",20,21.5g,40.2g,3.4g,4.7g,30.1g,17.3g,783.4mg,5,3835.25666,192,11.211765942152097,20.963394924396013,1.7730234513170755,2.450944182703016,15.696472319012932,9.021560502289828,408.5254622828815,1.989836,1.0376546741985189,1106.944222084996,D,8,Labels_MMCIS/Pasta-108-Old School Mac n^ Cheese.jpeg,4.888888888888889,9,images/good_images/Pasta-108-Old School Mac n' Cheese-good.jpg,images/bad_images/Pasta-108-Old School Mac n' Cheese-bad.jpg
http://allrecipes.com/recipe/pasta-and-bean-casserole/detail.aspx,Pasta,./attractive_pasta/Pasta and Bean Casserole.jpg,Pasta and Bean Casserole,422,"bean,seashell pasta,olive oil,onion,garlic,green pepper,red pepper,jalapeno pepper,salt,mozzarella cheese,black pepper,basil,oregano,paprika,cumin,corier",6,15.8g,71.7g,6.5g,5.8g,8.6g,2g,504.5mg,5,1482.314166,247,6.395405383612747,29.022187721837597,2.631021202119168,2.347680457275565,3.4810434366499754,0.8095449852674362,204.2077225337108,1.2814299999999998,0.5186876152356253,715.1640212510351,A,6,Labels_MMCIS/Pasta-109-Pasta and Bean Casserole.jpeg,3.333333333333333,3,images/good_images/Pasta-109-Pasta and Bean Casserole-good.jpg,images/bad_images/Pasta-109-Pasta and Bean Casserole-bad.jpg
http://allrecipes.com/recipe/pasta-with-tomato-and-bacon/detail.aspx,Pasta,./attractive_pasta/Pasta with Tomato and Bacon.jpg,Pasta with Tomato and Bacon,452,"parsley,salt,pepper,Parmesan cheese,oregano,basil,spaghetti pasta,tomato,garlic,onion,bacon",4,16.6g,51.9g,3.5g,6.9g,19.7g,7.2g,674.1mg,5,928.138347,232,7.154105873830467,22.36735511155429,1.508395816771484,2.9736946102066395,8.490113597256638,3.102985680215624,290.5170343101878,1.712214,0.7379132671478771,815.5825502,B,7,Labels_MMCIS/Pasta-110-Pasta with Tomato and Bacon.jpeg,4.25,12,images/good_images/Pasta-110-Pasta with Tomato and Bacon-good.jpg,images/bad_images/Pasta-110-Pasta with Tomato and Bacon-bad.jpg
http://allrecipes.com/recipe/slumgullion-2/detail.aspx,Pasta,./attractive_pasta/Slumgullion.jpg,Slumgullion,403," macaroni pasta,beef,onion,tomato sauce,garlic,salt,pepper,mushroom",8,19.5g,52g,4.2g,7.2g,12.9g,4.9g,610.2mg,5,2205.6,276,7.072905331882481,18.86108088501995,1.5233949945593035,2.6115342763873777,4.678998911860719,1.777294160319188,221.3275299238303,1.5499080000000005,0.562171926,611.9986942328618,A,7,Labels_MMCIS/Pasta-111-Slumgullion.jpeg,4.166666666666667,30,images/good_images/Pasta-111-Slumgullion-good.jpg,images/bad_images/Pasta-111-Slumgullion-bad.jpg
http://allrecipes.com/recipe/chicken-stroganoff-ii/detail.aspx,Pasta,./attractive_pasta/Chicken Stroganoff II.jpg,Chicken Stroganoff II,592,"sour cream,tomato sauce,salt,pepper,noodles pasta,garlic,chicken,mushroom,onion,vegetable oil",6,45.4g,49.4g,2.6g,10.7g,23.8g,11.6g,909.3mg,5,2576.103333,429,10.574109994367992,11.505749641448872,0.6055657706025724,2.492136055941355,5.5432559,2.701754976534553,211.7849827726612,2.309622,0.5379338562425594,577.2871534,B,7,Labels_MMCIS/Pasta-114-Chicken Stroganoff II.jpeg,4.25,4,images/good_images/Pasta-114-Chicken Stroganoff II-good.jpg,images/bad_images/Pasta-114-Chicken Stroganoff II-bad.jpg
http://allrecipes.com/recipe/creamy-spinach-pasta/detail.aspx,Pasta,./attractive_pasta/Quick Creamy Spinach  Tomato Pasta.jpg,Quick Creamy Spinach  Tomato Pasta,263,"basil,sour cream,spinach,tomato,angel hair pasta",6,10.3g,53.2g,3.4g,11.6g,8.6g,1.9g,491.8mg,5,819.5,137,7.541183648566199,38.95057962172056,2.4893227577791333,8.492983526540572,6.296522269676631,1.3910921293471623,360.0732153752288,1.249172,0.9145859670530812,806.1952898108602,B,7,Labels_MMCIS/Pasta-115-Quick Creamy Spinach  Tomato Pasta.jpeg,4.5,4,images/good_images/Pasta-115-Quick Creamy Spinach  Tomato Pasta-good.jpg,images/bad_images/Pasta-115-Quick Creamy Spinach  Tomato Pasta-bad.jpg
http://allrecipes.com/recipe/herbed-chicken-pasta/detail.aspx,Pasta,./attractive_pasta/Herbed Chicken Pasta.jpg,Herbed Chicken Pasta,605,"basil,black pepper,salt,chicken,garlic,onion,mushroom,vegetable oil,linguine pasta,Parmesan cheese,tomato",4,45.2g,89.5g,5.7g,7.5g,8g,2.1g,453.7mg,4,1489.7916670000002,372,12.135925042732836,24.030205560278517,1.5304153261853355,2.013704376559652,2.147951334996962,0.5638372254367026,121.8156900860152,1.152398,0.3094118528184786,680.0988503582494,A,5,Labels_MMCIS/Pasta-117-Herbed Chicken Pasta.jpeg,4.066666666666666,15,images/good_images/Pasta-117-Herbed Chicken Pasta-good.jpg,images/bad_images/Pasta-117-Herbed Chicken Pasta-bad.jpg
http://allrecipes.com/recipe/loris-beef-and-spaghetti-macaroni/detail.aspx,Pasta,./attractive_pasta/Lori's Beef and Spaghetti Macaroni.jpg,Lori's Beef and Spaghetti Macaroni,420,"onion,beef,macaroni pasta,Cheddar cheese,mayonnaise,spaghetti sauce",8,15.6g,25.7g,3.2g,9.8g,27.8g,8.6g,564.3mg,5,1626.5,203,7.672917307101137,12.640639409775591,1.5739317553027974,4.820166000614818,13.673532124193052,4.229941592376268,277.5530279741776,1.4333219999999998,0.7049846910544112,864.9030433,C,7,Labels_MMCIS/Pasta-118-Lori^s Beef and Spaghetti Macaroni.jpeg,4,11,images/good_images/Pasta-118-Lori's Beef and Spaghetti Macaroni-good.jpg,images/bad_images/Pasta-118-Lori's Beef and Spaghetti Macaroni-bad.jpg
http://allrecipes.com/recipe/mac-and-cheese-i/detail.aspx,Pasta,./attractive_pasta/Mac and Cheese I.jpg,Mac and Cheese I,291,"crackers,buttermilk,cheese,sweetener,egg,cottage cheese,macaroni pasta",4,14.9g,48.9g,1.9g,4.4g,3.4g,1.2g,412mg,4,500.375,125,11.911066699975018,39.09068198850862,1.5188608543592306,3.517361978516113,2.717961529,0.9592805395953036,329.3529852610542,1.04648,0.8365565825630775,973.9565726,A,5,Labels_MMCIS/Pasta-119-Mac and Cheese I.jpeg,4,1,images/good_images/Pasta-119-Mac and Cheese I-good.jpg,images/bad_images/Pasta-119-Mac and Cheese I-bad.jpg
http://allrecipes.com/recipe/sandys-greek-pasta-salad/detail.aspx,Pasta,./attractive_pasta/Sandy's Greek Pasta Salad.jpg,Sandy's Greek Pasta Salad,337,"rotini pasta,salt,black pepper,basil,olive oil,garlic,balsamic vinegar,lemon juice,feta cheese,red onion,olives,cucumber,tomato,bean",8,10.4g,48.2g,4.9g,2.8g,12.3g,2.9g,398.1mg,5,1650.29346,206,5.041527583827424,23.365541301969408,2.375335111610998,1.3573343494919987,5.962575892,1.405810576,192.98385876170167,1.011174,0.4901790012547223,683.9760971966767,A,6,Labels_MMCIS/Pasta-122-Sandy^s Greek Pasta Salad.jpeg,4,2,images/good_images/Pasta-122-Sandy's Greek Pasta Salad-good.jpg,images/bad_images/Pasta-122-Sandy's Greek Pasta Salad-bad.jpg
http://allrecipes.com/recipe/spinach-mushroom-lasagna/detail.aspx,Pasta,./attractive_pasta/Spinach Mushroom Lasagna.jpg,Spinach Mushroom Lasagna,304,"Parmesan cheese,mozzarella cheese,spinach,milk,onion,mushroom,olive oil,ricotta cheese,cottage cheese,egg,lasagna noodles pasta,black pepper,flour,garlic",12,23.1g,24.8g,2.9g,4g,13.3g,6.6g,458mg,5,3152.725,263,8.792393881,9.439453171462784,1.1038070240823414,1.5224924470101262,5.062287386,2.512112537566708,174.32538518265946,1.16332,0.442786478,484.4522246627917,A,7,Labels_MMCIS/Pasta-125-Spinach Mushroom Lasagna.jpeg,5,4,images/good_images/Pasta-125-Spinach Mushroom Lasagna-good.jpg,images/bad_images/Pasta-125-Spinach Mushroom Lasagna-bad.jpg
http://allrecipes.com/recipe/vegetarian-baked-pasta/detail.aspx,Pasta,./attractive_pasta/Vegetarian Baked Pasta.jpg,Vegetarian Baked Pasta,571,"mozzarella cheese,penne pasta,olive oil,mushroom,basil,oregano,garlic,spaghetti sauce,Gorgonzola cheese",8,29.8g,58.3g,5.1g,11.7g,24.4g,12.2g,1036.4mg,5,2176.7,272,10.95235908,21.42693067487481,1.8743970230164928,4.300087288096661,8.967703404,4.483851702117885,380.9068773831948,2.632456,0.9675034685533146,878.6374971,C,7,Labels_MMCIS/Pasta-127-Vegetarian Baked Pasta.jpeg,4.2,20,images/good_images/Pasta-127-Vegetarian Baked Pasta-good.jpg,images/bad_images/Pasta-127-Vegetarian Baked Pasta-bad.jpg
http://allrecipes.com/recipe/blt-bow-tie-salad/detail.aspx,Pasta,./attractive_pasta/BLT Bow Tie Salad.jpg,BLT Bow Tie Salad,412,"farfalle pasta,tomato,bacon,lettuce,mayonnaise,black pepper,garlic,salt,onion",10,10.5g,28.4g,2.1g,3.4g,29g,5.4g,616.2mg,6,1431,143,7.337526205450734,19.84626135569532,1.4675052410901468,2.375960866526904,20.26554856743536,3.7735849056603774,430.6079664570231,1.5651480000000002,1.0937442348008388,1205.4238993710692,C,8,Labels_MMCIS/Pasta-130-BLT Bow Tie Salad.jpeg,5,1,images/good_images/Pasta-130-BLT Bow Tie Salad-good.jpg,images/bad_images/Pasta-130-BLT Bow Tie Salad-bad.jpg
http://allrecipes.com/recipe/chicken-riggies/detail.aspx,Pasta,./attractive_pasta/Chicken Riggies.jpg,Chicken Riggies,613,"Parmesan cheese,rigatoni pasta,onion,olive oil,chicken,salt,pepper,garlic,cubanelle pepper,red pepper,pepper,tomato,cream",6,38.2g,70.8g,6.5g,4.9g,20.7g,7.8g,576.3mg,5,2650.5,442,8.647425014148274,16.027164685908318,1.4714204867006224,1.109224675,4.685908319185058,1.765704584040747,130.45840407470288,1.4638019999999998,0.3313643463497453,580.9866214,A,7,Labels_MMCIS/Pasta-131-Chicken Riggies.jpeg,4.416666666666667,12,images/good_images/Pasta-131-Chicken Riggies-good.jpg,images/bad_images/Pasta-131-Chicken Riggies-bad.jpg
http://allrecipes.com/recipe/four-cheese-baked-ziti/detail.aspx,Pasta,./attractive_pasta/Four Cheese Baked Ziti.jpg,Four Cheese Baked Ziti,781,"basil,red pepper,provolone cheese,mozzarella cheese,Swiss cheese,Parmesan cheese,egg,ziti pasta,salt,black pepper ",4,40.6g,51.1g,1.9g,2.8g,45.9g,27.7g,740.9mg,5,1192.35,298,13.62016186522414,17.142617520023485,0.6373967375351197,0.9393215079464924,15.39816329,9.292573489,248.55118044198437,1.881886,0.6313199983226402,1096.9566989558434,D,8,Labels_MMCIS/Pasta-134-Four Cheese Baked Ziti.jpeg,3.7,10,images/good_images/Pasta-134-Four Cheese Baked Ziti-good.jpg,images/bad_images/Pasta-134-Four Cheese Baked Ziti-bad.jpg
http://allrecipes.com/recipe/layered-spinach-mostaccioli/detail.aspx,Pasta,./attractive_pasta/Layered Spinach Mostaccioli.jpg,Layered Spinach Mostaccioli,462,"Parmesan cheese,spaghetti sauce,mostaccioli pasta,mozzarella cheese,spinach",5,23.9g,59.9g,7.7g,15.4g,13.9g,6.6g,1028mg,5,1538.8,308,7.765791526,19.463218092019755,2.501949571094359,5.003899142188718,4.516506368598908,2.144528203795165,334.02651416688326,2.61112,0.8484273459838836,628.5097478554718,B,8,Labels_MMCIS/Pasta-136-Layered Spinach Mostaccioli.jpeg,4.307692307692308,13,images/good_images/Pasta-136-Layered Spinach Mostaccioli-good.jpg,images/bad_images/Pasta-136-Layered Spinach Mostaccioli-bad.jpg
http://allrecipes.com/recipe/maris-chicken-and-pasta/detail.aspx,Pasta,./attractive_pasta/Mari's Chicken and Pasta.jpg,Mari's Chicken and Pasta,481,"cayenne pepper,parsley,tomato,green onion,pecorino cheese,peas,fettuccini pasta,olive oil,chicken,garlic,chicken broth,wine",6,47.5g,48.8g,3.5g,4.9g,7g,2g,202.3mg,4,2241.895394,374,12.712457537615157,13.060377428118306,0.9367073975084852,1.3113903565118792,1.8734147950169704,0.5352613700048486,54.14168757599044,0.513842,0.1375198864430157,538.9682690966802,A,4,Labels_MMCIS/Pasta-137-Mari^s Chicken and Pasta.jpeg,3.8333333333333335,6,images/good_images/Pasta-137-Mari's Chicken and Pasta-good.jpg,images/bad_images/Pasta-137-Mari's Chicken and Pasta-bad.jpg
http://allrecipes.com/recipe/sausage-and-zucchini-lasagna/detail.aspx,Pasta,./attractive_pasta/Sausage and Zucchini Lasagna.jpg,Sausage and Zucchini Lasagna,633,"egg,spaghetti sauce,zucchini,sausage,vegetable oil,Parmesan cheese,ricotta cheese,lasagna noodles pasta,mozzarella cheese",6,37.8g,37.6g,3.7g,10.6g,36.5g,16.1g,1555.3mg,5,2184.325,364,10.383070284870612,10.328133405056484,1.0163322765614091,2.911654630148901,10.025980566078768,4.422418825037483,427.21664587458366,3.950462,1.085130280521443,727.9807904043583,C,7,Labels_MMCIS/Pasta-138-Sausage and Zucchini Lasagna.jpeg,5,9,images/good_images/Pasta-138-Sausage and Zucchini Lasagna-good.jpg,images/bad_images/Pasta-138-Sausage and Zucchini Lasagna-bad.jpg
http://allrecipes.com/recipe/skillet-spinach-lasagna/detail.aspx,Pasta,./attractive_pasta/Skillet Spinach Lasagna.jpg,Skillet Spinach Lasagna,636,"ricotta cheese,Parmesan cheese,mozzarella cheese,spinach,tomato sauce,tomato,sausage,lasagna noodles pasta",4,34.3g,52g,4.8g,10g,32.7g,14.1g,1685.1mg,5,1970.36,493,6.963194543129174,10.556446537688544,0.974441219,2.030085872632412,6.638380804,2.8624210804117016,342.08977039728785,4.280154,0.868908017,540.5722406057776,B,7,Labels_MMCIS/Pasta-140-Skillet Spinach Lasagna.jpeg,3,1,images/good_images/Pasta-140-Skillet Spinach Lasagna-good.jpg,images/bad_images/Pasta-140-Skillet Spinach Lasagna-bad.jpg
http://allrecipes.com/recipe/slovak-haluski/detail.aspx,Pasta,./attractive_pasta/Slovak Haluski.jpg,Slovak Haluski,361,"noodles pasta,salt,black pepper,cabbage,butter,yellow onion",8,10.2g,50.3g,6g,6.6g,14.2g,8g,122.1mg,5,1920.5,240,4.248893517313199,20.95287685498568,2.499349127831294,2.749284040614423,5.915126269200729,3.3324655037750586,50.86175475136683,0.310134,0.1291888570684717,629.6005415256443,A,6,Labels_MMCIS/Pasta-141-Slovak Haluski.jpeg,5,1,images/good_images/Pasta-141-Slovak Haluski-good.jpg,images/bad_images/Pasta-141-Slovak Haluski-bad.jpg
http://allrecipes.com/recipe/veggie-chicken-pasta/detail.aspx,Pasta,./attractive_pasta/Veggie Chicken Pasta.jpg,Veggie Chicken Pasta,496,"feta cheese,red pepper,olive oil,chicken broth,rotini pasta,chicken,asparagus,zucchini,yellow squash,onion,mushroom",4,40.2g,46g,6.1g,3.9g,18.1g,6.9g,442.2mg,5,1464.4205000000002,366,10.980452677355991,12.56469709349193,1.6661880928326254,1.0652677970569244,4.943935160700086,1.8847045640237892,120.78497945091588,1.123188,0.3067938478053264,567.2285521815625,A,7,Labels_MMCIS/Pasta-142-Veggie Chicken Pasta.jpeg,0,0,images/good_images/Pasta-142-Veggie Chicken Pasta-good.jpg,images/bad_images/Pasta-142-Veggie Chicken Pasta-bad.jpg
http://allrecipes.com/recipe/baked-spaghetti-iii/detail.aspx,Pasta,./attractive_pasta/Baked Spaghetti III.jpg,Baked Spaghetti III,395,"mozzarella cheese,olives,green pepper,salt,ketchup,tomato,thyme,cumin,black pepper,tomato paste,onion,spaghetti pasta,olive oil,garlic",8,15.9g,54.1g,3.9g,7.7g,13.2g,4.1g,344.4mg,5,2056.2634230000003,257,6.185977856,21.047886917550837,1.5173153230766774,2.9957251250488244,5.135528785797985,1.5951263652857377,133.99061468400197,0.874776,0.340336161,643.4140612537656,A,7,Labels_MMCIS/Pasta-143-Baked Spaghetti III.jpeg,2.5,2,images/good_images/Pasta-143-Baked Spaghetti III-good.jpg,images/bad_images/Pasta-143-Baked Spaghetti III-bad.jpg
http://allrecipes.com/recipe/pasta-marsala-with-feta/detail.aspx,Pasta,./attractive_pasta/Pasta Marsala with Feta.jpg,Pasta Marsala with Feta,440,"olive oil,feta cheese,salt,black pepper,wine,chicken,sugar,peas,basil,garlic,onion,penne pasta",2,12.1g,55.8g,3.9g,7.4g,12.2g,4.1g,333.6mg,5,533.3524869999999,267,4.537337050047356,20.92424854484648,1.4624474789408832,2.7749003446570604,4.574835703353532,1.537444785553236,125.0955074294048,0.847344,0.3177425888706881,690.7971913141188,A,7,Labels_MMCIS/Pasta-148-Pasta Marsala with Feta.jpeg,0,0,images/good_images/Pasta-148-Pasta Marsala with Feta-good.jpg,images/bad_images/Pasta-148-Pasta Marsala with Feta-bad.jpg
http://allrecipes.com/recipe/simple-red-sauce-with-pasta/detail.aspx,Pasta,./attractive_pasta/Simple Red Sauce with Pasta.jpg,Simple Red Sauce with Pasta,740,"garlic,penne pasta,bacon,red onion,olive oil,tomato,green pepper,Parmesan cheese,basil",4,25.9g,89.7g,5.6g,8g,32.1g,10g,553.5mg,5,1220.4,305,8.489019993,29.400196656833824,1.835463782366437,2.622091117666338,10.521140609636184,3.277613897082923,181.41592920353983,1.40589,0.4607964601769911,1015.480825958702,B,7,Labels_MMCIS/Pasta-149-Simple Red Sauce with Pasta.jpeg,4,3,images/good_images/Pasta-149-Simple Red Sauce with Pasta-good.jpg,images/bad_images/Pasta-149-Simple Red Sauce with Pasta-bad.jpg
http://allrecipes.com/recipe/spicy-sesame-noodle-salad/detail.aspx,Pasta,./attractive_pasta/Spicy Sesame Noodle Salad.jpg,Spicy Sesame Noodle Salad,203,"garlic,orange zest,sesame oil,sugar,serrano pepper,soy sauce,canola oil,carrot,lime juice,bean,linguine pasta,green onion,salt,black pepper ",6,4.1g,26.4g,4g,7.7g,9.8g,0.9g,486.7mg,5,913.024225,152,2.6943425296300325,17.348937263959233,2.6286268581756413,5.060106702,6.440135802530322,0.5914410430895194,319.8381729685212,1.236218,0.8123889593400438,558.5308976878462,B,7,Labels_MMCIS/Pasta-150-Spicy Sesame Noodle Salad.jpeg,4,1,images/good_images/Pasta-150-Spicy Sesame Noodle Salad-good.jpg,images/bad_images/Pasta-150-Spicy Sesame Noodle Salad-bad.jpg
http://allrecipes.com/recipe/spinach-ziti/detail.aspx,Pasta,./attractive_pasta/Spinach Ziti.jpg,Spinach Ziti,196,"nutmeg,cream cheese,spinach,ziti pasta,tomato,red pepper ",6,6.7g,32.7g,2.7g,3.9g,4g,2.2g,193.5mg,5,799.6750000000001,133,5.027042235908338,24.534967330478004,2.025822990589927,2.9261887641854503,3.0012192453184103,1.6506705849251258,145.18398099227812,0.49149,0.3687673117203864,615.7097320786569,A,7,Labels_MMCIS/Pasta-151-Spinach Ziti.jpeg,4.333333333333333,27,images/good_images/Pasta-151-Spinach Ziti-good.jpg,images/bad_images/Pasta-151-Spinach Ziti-bad.jpg