http://allrecipes.com/recipe/grilled-corn-and-edamame-succotash-salad/detail.aspx,Salad,./attractive_salad/Grilled Corn and Edamame Succotash Salad.jpg,Grilled Corn and Edamame Succotash Salad,151,"edamame,vinegar,jalapeno pepper,olive oil,basil,corn,yellow onion,red pepper,salt,black pepper",8,2.2g,13g,2.1g,3.1g,5.8g,0.8g,9.9mg,5,1015.18493,127,1.7336742774540597,10.244438912228532,1.6548709012061478,2.442904663685266,4.570595822378884,0.6304270099832944,7.801534248543269,0.025146,0.019815897,498.2003032688832,A,5,Labels_MMCIS/Salad-11-Grilled Corn and Edamame Succotash Salad.jpeg,0,0,images/good_images/Salad-11-Grilled Corn and Edamame Succotash Salad-good.jpg,images/bad_images/Salad-11-Grilled Corn and Edamame Succotash Salad-bad.jpg
http://allrecipes.com/recipe/kellys-black-bean-salad/detail.aspx,Salad,./attractive_salad/Kelly's Black Bean Salad.jpg,Kelly's Black Bean Salad,374,"corn,canola oil,black pepper,oregano,salt,chili powder,cumin,garlic,vinegar,tomato,bean,rice",10,10.4g,45g,10.5g,1.8g,17.8g,1.4g,926.4mg,5,2824.80424,282,3.681671052716913,15.93030743964049,3.7170717359161145,0.6372122975856196,6.301321609457794,0.4956095647888152,327.9519291573989,2.353056,0.8329979000597932,554.3262707648726,A,6,Labels_MMCIS/Salad-14-Kelly^s Black Bean Salad.jpeg,4,1,images/good_images/Salad-14-Kelly's Black Bean Salad-good.jpg,images/bad_images/Salad-14-Kelly's Black Bean Salad-bad.jpg
http://allrecipes.com/recipe/preetys-chickpea-salad/detail.aspx,Salad,./attractive_salad/Preety's Chickpea Salad.jpg,Preety's Chickpea Salad,340,"garlic,olive oil,bean,tomato,onion,vinegar,salt,black pepper,lemon",2,12.5g,59.2g,12.5g,2.4g,7.6g,1g,1265.4mg,4,689.1612449999999,345,3.6275980666904735,17.180304443846087,3.6275980666904735,0.696498829,2.2055796245478083,0.2902078453352379,367.2290074872101,3.214116,0.9327616790175136,413.11435032885527,A,5,Labels_MMCIS/Salad-18-Preety^s Chickpea Salad.jpeg,4.2,10,images/good_images/Salad-18-Preety's Chickpea Salad-good.jpg,images/bad_images/Salad-18-Preety's Chickpea Salad-bad.jpg
http://allrecipes.com/recipe/summer-potato-salad/detail.aspx,Salad,./attractive_salad/Summer Potato Salad.jpg,Summer Potato Salad,313,"celery,potato,egg,lemon juice,vegetable oil,sugar,salt,Worcestershire sauce,mustard,black pepper,mayonnaise,green onion,parsley",7,5.4g,23.3g,2.8g,3g,22.8g,3.6g,340.6mg,5,1272.468863,182,2.9706031400156943,12.817602437475124,1.5403127392673968,1.650335077786497,12.542546591177372,1.980402093343796,187.3680424980269,0.865124,0.4759148279449884,720.9039896169153,B,7,Labels_MMCIS/Salad-22-Summer Potato Salad.jpeg,4.56,50,images/good_images/Salad-22-Summer Potato Salad-good.jpg,images/bad_images/Salad-22-Summer Potato Salad-bad.jpg
http://allrecipes.com/recipe/chickpea-salad-ii/detail.aspx,Salad,./attractive_salad/Chickpea Salad II.jpg,Chickpea Salad II,149,"balsamic vinegar,olive oil,chickpeas,Parmesan cheese,basil,parsley,garlic,onion,tomato,cucumber,salt",4,4.9g,22.9g,4g,3g,4.8g,0.8g,382.1mg,4,744.6379473,186,2.632151648,12.301280149921794,2.148695222693763,1.6115214170203225,2.578434267232516,0.4297390445387526,205.2541111478217,0.970534,0.5213454423154671,335.1068541494407,A,5,Labels_MMCIS/Salad-30-Chickpea Salad II.jpeg,4.269230769230769,26,images/good_images/Salad-30-Chickpea Salad II-good.jpg,images/bad_images/Salad-30-Chickpea Salad II-bad.jpg
http://allrecipes.com/recipe/cucumber-peanut-salad/detail.aspx,Salad,./attractive_salad/Cucumber Peanut Salad.jpg,Cucumber Peanut Salad,165,"butter,salt,red pepper,peanuts,lemon juice,sugar,cilantro,cucumber",2,4.4g,11.2g,2g,5.2g,12.8g,4.7g,336.6mg,5,345.8384603,173,2.544540590530729,6.477012412260037,1.1566093593321494,3.0071843342635884,7.402299899725756,2.718031994430551,194.6573551756008,0.8549640000000001,0.4944296821460259,399.50559541627706,B,7,Labels_MMCIS/Salad-31-Cucumber Peanut Salad.jpeg,3.5,10,images/good_images/Salad-31-Cucumber Peanut Salad-good.jpg,images/bad_images/Salad-31-Cucumber Peanut Salad-bad.jpg
http://allrecipes.com/recipe/easy-thai-beef-or-chicken-salad/detail.aspx,Salad,./attractive_salad/Easy Thai Beef or Chicken Salad.jpg,Easy Thai Beef or Chicken Salad,399,"lime juice,cilantro,fish sauce,lettuce,chicken,rice,vegetable oil,salt,garlic powder,cucumber,onion,sugar,tomato,pepper,red pepper",5,26.8g,55.8g,5.1g,12.7g,8.9g,1.7g,1821.9mg,4,3635.05,727,3.686331687322045,7.675272692260078,0.7015034181097921,1.746881060783208,1.224192239,0.233834473,250.60177989298631,4.627626,0.6365285209281853,229.7813235031155,A,5,Labels_MMCIS/Salad-33-Easy Thai Beef or Chicken Salad.jpeg,3.5,2,images/good_images/Salad-33-Easy Thai Beef or Chicken Salad-good.jpg,images/bad_images/Salad-33-Easy Thai Beef or Chicken Salad-bad.jpg
http://allrecipes.com/recipe/mexican-salad-2/detail.aspx,Salad,./attractive_salad/Mexican Salad 2.jpg,Mexican Salad 2,312,"salt,black pepper,honey,lime juice,olive oil,tomato,red pepper,jalapeno pepper, onion,corn,bean,cilantro",7,7.8g,35.1g,7.5g,4.3g,17g,2.3g,309mg,5,1624.58348,232,3.360861456008404,15.12387655203782,3.2315975538542348,1.8527825975430945,7.324954455402932,0.9910232498486318,133.14181921879444,0.78486,0.3381802208157379,562.8501897606394,A,6,Labels_MMCIS/Salad-37-Mexican Salad.jpeg,4.45,20,images/good_images/Salad-37-Mexican Salad 2-good.jpg,images/bad_images/Salad-37-Mexican Salad 2-bad.jpg
http://allrecipes.com/recipe/poppin-turkey-salad/detail.aspx,Salad,./attractive_salad/Poppin' Turkey Salad.jpg,Poppin' Turkey Salad,449,"mustard,mayonnaise,sour cream,pickle relish,egg,celery,onion,turkey,black pepper,paprika,cumin,horseradish",4,25.6g,9.2g,1.5g,3g,34.3g,9g,540.6mg,5,899.706043,225,11.381495189090332,4.090224833579338,0.6668844837357617,1.3337689674715234,15.249425194757748,4.001306902,240.3451679383685,1.373124,0.610476727,835.7721789804627,C,7,Labels_MMCIS/Salad-38-Poppin^ Turkey Salad.jpeg,5,1,images/good_images/Salad-38-Poppin' Turkey Salad-good.jpg,images/bad_images/Salad-38-Poppin' Turkey Salad-bad.jpg
http://allrecipes.com/recipe/simplistic-pepper-salad/detail.aspx,Salad,./attractive_salad/Simplistic Pepper Salad.jpg,Simplistic Pepper Salad,47,"black pepper,feta cheese,red pepper,spinach",1,3.1g,6.6g,2.8g,2.8g,1.5g,0.8g,103mg,4,125.226891,125,2.4755066385861166,5.270433488602699,2.2359414800132664,2.2359414800132664,1.197825793,0.6388404228609333,82.25070444334516,0.2616199999999999,0.2089167892860966,157.13845359300663,A,4,Labels_MMCIS/Salad-39-Simplistic Pepper Salad.jpeg,5,2,images/good_images/Salad-39-Simplistic Pepper Salad-good.jpg,images/bad_images/Salad-39-Simplistic Pepper Salad-bad.jpg
http://allrecipes.com/recipe/spicy-tex-mex-salad/detail.aspx,Salad,./attractive_salad/Spicy Tex-Mex Salad.jpg,Spicy Tex-Mex Salad,542,"tomato,corn,cheddar cheese,Monterey cheese,bean,lettuce",10,10.7g,52.7g,7.1g,11.9g,33.1g,6.5g,1077.3mg,5,2500,250,4.28,21.08,2.84,4.76,13.24,2.6,430.92,2.736342,1.0945368,907.69824,B,7,Labels_MMCIS/Salad-40-Spicy Tex-Mex Salad.jpeg,4.5,4,images/good_images/Salad-40-Spicy Tex-Mex Salad-good.jpg,images/bad_images/Salad-40-Spicy Tex-Mex Salad-bad.jpg
http://allrecipes.com/recipe/summer-chickpea-salad/detail.aspx,Salad,./attractive_salad/Summer Chickpea Salad.jpg,Summer Chickpea Salad,347,"feta cheese,chickpeas,tomato,salt,cayenne pepper,black pepper,olive oil,vinegar,vinegar,garlic,honey,basil",6,11.4g,50.9g,8.6g,6.3g,11.7g,3g,780mg,5,1653.67679,276,4.136237529221173,18.46793774011909,3.1203195395879018,2.285815476674858,4.245085885253308,1.0884835603213612,283.0057256835539,1.9812,0.718834543,527.1234169042186,A,6,Labels_MMCIS/Salad-41-Summer Chickpea Salad.jpeg,4.5,2,images/good_images/Salad-41-Summer Chickpea Salad-good.jpg,images/bad_images/Salad-41-Summer Chickpea Salad-bad.jpg
http://allrecipes.com/recipe/easy-and-quick-strawberry-summer-salad/detail.aspx,Salad,./attractive_salad/Easy and Quick Strawberry Summer Salad.jpg,Easy and Quick Strawberry Summer Salad,106,"salt,strawberries,cucumber,vinegar,shallot,black pepper,olive oil",4,1.5g,8.5g,2.7g,4.1g,7.1g,1g,95.4mg,5,778.07143,195,0.7711374262900259,4.369778748976813,1.3880473673220466,2.107775631859404,3.650050484439456,0.5140916175266839,49.044340312045655,0.242316,0.1245726243925959,228.15427113163636,A,5,Labels_MMCIS/Salad-47-Easy and Quick Strawberry Summer Salad.jpeg,4,2,images/good_images/Salad-47-Easy and Quick Strawberry Summer Salad-good.jpg,images/bad_images/Salad-47-Easy and Quick Strawberry Summer Salad-bad.jpg
http://allrecipes.com/recipe/great-green-salad/detail.aspx,Salad,./attractive_salad/Great Green Salad.jpg,Great Green Salad,326,"almond,feta cheese,salad herbs,avocado,garlic,lemon juice,parsley,sugar,black pepper,salt,mustard,vinegar,olive oil",4,6.5g,10.5g,5.9g,1.8g,30g,5.6g,561.7mg,5,643.769309,161,4.038713812000006,6.524076157846164,3.6659094601230815,1.118413055630771,18.64021759384618,3.4795072841846206,349.0070074154468,1.4267180000000002,0.8864777988352347,848.0657781714784,B,8,Labels_MMCIS/Salad-49-Great Green Salad.jpeg,4.583333333333333,36,images/good_images/Salad-49-Great Green Salad-good.jpg,images/bad_images/Salad-49-Great Green Salad-bad.jpg
http://allrecipes.com/recipe/greek-lentil-salad/detail.aspx,Salad,./attractive_salad/Greek Lentil Salad.jpg,Greek Lentil Salad,298,"feta cheese,lentils,cucumber,tomato,red onion",6,12.9g,27.1g,10.4g,8g,15.8g,5.4g,1054mg,5,1591.1765,265,4.864325233561456,10.218853785233756,3.921626544886756,3.0166358037590424,5.957855712,2.036229167537354,397.4417671452538,2.67716,1.0095020885489447,470.4693916733938,A,7,Labels_MMCIS/Salad-50-Greek Lentil Salad.jpeg,4.5,8,images/good_images/Salad-50-Greek Lentil Salad-good.jpg,images/bad_images/Salad-50-Greek Lentil Salad-bad.jpg
http://allrecipes.com/recipe/grilled-vegetable-salad-2/detail.aspx,Salad,./attractive_salad/Grilled Vegetable Salad.jpg,Grilled Vegetable Salad,235,"vinegar,asparagus,zucchini,mustard,garlic,salt,black pepper,butternut squash,red pepper,red onion,olive oil",6,3.8g,13.9g,4.7g,5.2g,19.2g,2.7g,74.5mg,5,1821.31071,304,1.2518457106091463,4.579119836175564,1.5483354841744714,1.713052025044096,6.325115169393583,0.8894693206959728,24.542764589574062,0.1892299999999999,0.062338622,324.12855025708376,A,5,Labels_MMCIS/Salad-51-Grilled Vegetable Salad.jpeg,4.2,5,images/good_images/Salad-51-Grilled Vegetable Salad-good.jpg,images/bad_images/Salad-51-Grilled Vegetable Salad-bad.jpg
http://allrecipes.com/recipe/quick-turkey-taco-salad/detail.aspx,Salad,./attractive_salad/Quick Turkey Taco Salad.jpg,Quick Turkey Taco Salad,541,"turkey,sour cream,green pepper,salad herbs,tortilla chips,Mexican cheese,onion,salsa",2,35.6g,39.7g,5.9g,7.5g,27.3g,11.5g,1887.6mg,5,868.05833,434,8.202213784412391,9.146850765,1.359355655281829,1.7279944770531723,6.289899896473547,2.649591531481531,434.9016499847424,4.794504,1.1046501909612456,521.8678795467581,B,7,Labels_MMCIS/Salad-54-Quick Turkey Taco Salad.jpeg,5,1,images/good_images/Salad-54-Quick Turkey Taco Salad-good.jpg,images/bad_images/Salad-54-Quick Turkey Taco Salad-bad.jpg
http://allrecipes.com/recipe/tofu-salad/detail.aspx,Salad,./attractive_salad/Tofu Salad.jpg,Tofu Salad,145,"ginger,peanuts,cabbage,carrot,peas,tofu,sesame oil,soy sauce,garlic,chili sauce",4,8.2g,10.1g,2.7g,4.7g,9.1g,1.1g,295.3mg,5,580.78333,145,5.647545015,6.956122518185913,1.859557504861581,3.237007508462752,6.267397516385327,0.7575975019806441,203.3804930317129,0.750062,0.5165864523005508,418.11530644311017,A,6,Labels_MMCIS/Salad-58-Tofu Salad.jpeg,4.409090909090909,22,images/good_images/Salad-58-Tofu Salad-good.jpg,images/bad_images/Salad-58-Tofu Salad-bad.jpg
http://allrecipes.com/recipe/tuna-confetti-salad/detail.aspx,Salad,./attractive_salad/Tuna Confetti Salad.jpg,Tuna Confetti Salad,153,"vinegar,tuna,mayonnaise,green pepper,red pepper,red onion, green onion,garlic,parsley,lemon juice,pepper sauce,salt,pepper   ",4,16.3g,1.7g,0.3g,0.8g,6g,1g,138.6mg,5,434.96784500000007,109,14.98961377248472,1.5633339517315352,0.2758824620702709,0.7356865655207224,5.517649241405419,0.9196082069009032,127.45769747646516,0.352044,0.3237425515902215,589.0829930198631,A,6,Labels_MMCIS/Salad-59-Tuna Confetti Salad.jpeg,4,4,images/good_images/Salad-59-Tuna Confetti Salad-good.jpg,images/bad_images/Salad-59-Tuna Confetti Salad-bad.jpg
http://allrecipes.com/recipe/aunt-dorothys-marinated-carrot-salad/detail.aspx,Salad,./attractive_salad/Aunt Dorothy's Marinated Carrot Salad.jpg,Aunt Dorothy's Marinated Carrot Salad,284,"sugar,carrot,tomato soup,vegetable oil,vinegar,cayenne pepper,salt,mustard,onion,yellow pepper,red pepper,green pepper",12,1.5g,29.3g,3g,22.8g,18.9g,3g,379.7mg,5,2327.9,194,0.7732290905966751,15.103741569655051,1.5464581811933502,11.753082177069462,9.742686541518106,1.5464581811933502,195.73005713303837,0.964438,0.4971543451179174,612.9393186992568,C,8,Labels_MMCIS/Salad-60-Aunt Dorothy^s Marinated Carrot Salad.jpeg,4.444444444444445,9,images/good_images/Salad-60-Aunt Dorothy's Marinated Carrot Salad-good.jpg,images/bad_images/Salad-60-Aunt Dorothy's Marinated Carrot Salad-bad.jpg
http://allrecipes.com/recipe/cantaloupe-salad/detail.aspx,Salad,./attractive_salad/Cantaloupe Salad.jpg,Cantaloupe Salad,389,"cantaloupe,grape,lemon juice,banana,green onion,bacon",4,9g,41.2g,3.2g,30.6g,21.2g,4.3g,663.6mg,5,1328.2489,332,2.710335389699927,12.40731312,0.9636748052266408,9.215140324979751,6.384345584626495,1.294938019523299,199.84206273387463,1.685544,0.5075988393440416,490.4698811,B,7,Labels_MMCIS/Salad-64-Cantaloupe Salad.jpeg,2.5,4,images/good_images/Salad-64-Cantaloupe Salad-good.jpg,images/bad_images/Salad-64-Cantaloupe Salad-bad.jpg
http://allrecipes.com/recipe/greek-potato-salad/detail.aspx,Salad,./attractive_salad/Greek Potato Salad.jpg,Greek Potato Salad,134,"red onion,olives,capers,parsley,potato,yogurt,mustard,lemon juice,oregano,garlic,salt,pepper",6,3.5g,29.3g,3.9g,1.7g,0.9g,0.1g,300.9mg,4,1329.003083,222,1.5801317746077794,13.227960284573696,1.7607182631343827,0.7674925762380642,0.4063195991848575,0.045146622,135.8461859941374,0.764286,0.3450493124251089,253.2866359046663,A,5,Labels_MMCIS/Salad-65-Greek Potato Salad.jpeg,4,1,images/good_images/Salad-65-Greek Potato Salad-good.jpg,images/bad_images/Salad-65-Greek Potato Salad-bad.jpg
http://allrecipes.com/recipe/jens-heavenly-egg-salad/detail.aspx,Salad,./attractive_salad/Jen's Heavenly Egg Salad.jpg,Jen's Heavenly Egg Salad,212,"salt,pepper,green onion,lemon,mustard,egg,mayonnaise",4,9.9g,3.2g,0.8g,0.9g,18.4g,4g,223mg,5,442.178083,111,8.955667755,2.894761295,0.7236903236563175,0.8141516141133572,16.64487744,3.618451618281588,201.7286777191985,0.56642,0.5123908414067643,802.9358614773316,B,7,Labels_MMCIS/Salad-66-Jen^s Heavenly Egg Salad.jpeg,4.452830188679245,106,images/good_images/Salad-66-Jen's Heavenly Egg Salad-good.jpg,images/bad_images/Salad-66-Jen's Heavenly Egg Salad-bad.jpg
http://allrecipes.com/recipe/twenty-four-hour-layered-salad/detail.aspx,Salad,./attractive_salad/Twenty Four Hour Layered Salad.jpg,Twenty Four Hour Layered Salad,352,"mayonnaise,lettuce,spinach,celery,mushrooms,egg,peas,green pepper,green onion,chestnuts,sour cream,sugar,cheddar cheese,bacon",12,11.7g,14.2g,3g,5.4g,28.3g,9.6g,432.5mg,5,2429.41,202,5.779180953400208,7.014048678485722,1.4818412701026176,2.667314286184712,13.978702647968026,4.741892064328376,213.63211643979403,1.09855,0.5426255757570768,727.9563021,B,7,Labels_MMCIS/Salad-71-Twenty Four Hour Layered Salad.jpeg,4.666666666666667,3,images/good_images/Salad-71-Twenty Four Hour Layered Salad-good.jpg,images/bad_images/Salad-71-Twenty Four Hour Layered Salad-bad.jpg
http://allrecipes.com/recipe/asian-bok-choy-salad/detail.aspx,Salad,./attractive_salad/Asian Bok Choy Salad.jpg,Asian Bok Choy Salad,328,"bok choy,sugar,lemon,soy sauce,olive oil,green onion,pine nuts,noodles",8,9.4g,25.8g,4.4g,9.6g,23.5g,3.4g,554mg,5,2412.49992,302,3.1170985489607808,8.555440698211504,1.4590674058965358,3.1834197946833505,7.792746372401951,1.1274611772836869,183.7098506515184,1.4071600000000002,0.4666230206548566,455.3850182096586,A,6,Labels_MMCIS/Salad-72-Asian Bok Choy Salad.jpeg,3.5,2,images/good_images/Salad-72-Asian Bok Choy Salad-good.jpg,images/bad_images/Salad-72-Asian Bok Choy Salad-bad.jpg
http://allrecipes.com/recipe/balsamic-green-bean-salad/detail.aspx,Salad,./attractive_salad/Balsamic Green Bean Salad.jpg,Balsamic Green Bean Salad,174,"bean,shallot,garlic,balsamic vinegar,olive oil",4,2.5g,12.6g,4g,4g,13.7g,1.9g,12.2mg,5,604.7753299999999,151,1.653506600542056,8.333673266731962,2.645610560867289,2.645610560867289,9.061216170970466,1.2566650164119626,8.069112210645233,0.030988,0.020495545,481.8339398864038,A,5,Labels_MMCIS/Salad-73-Balsamic Green Bean Salad.jpeg,4.111111111111111,18,images/good_images/Salad-73-Balsamic Green Bean Salad-good.jpg,images/bad_images/Salad-73-Balsamic Green Bean Salad-bad.jpg
http://allrecipes.com/recipe/chinese-chicken-salad-ii/detail.aspx,Salad,./attractive_salad/Chinese Chicken Salad II.jpg,Chinese Chicken Salad II,335,"lettuce,black pepper,poppy seeds,chicken,chestnuts,green onion,almond,noodles,vegetable oil,vinegar,sugar,salt",9,9.2g,23.6g,3.9g,8.5g,24.1g,3.1g,219.5mg,5,1594.60705,177,5.192501814161677,13.31989595806691,2.2011692473076674,4.797420154388505,13.602097143619176,1.7496473504240433,123.88632045744436,0.55753,0.3146712539619086,791.6183488590497,A,7,Labels_MMCIS/Salad-74-Chinese Chicken Salad II.jpeg,5,13,images/good_images/Salad-74-Chinese Chicken Salad II-good.jpg,images/bad_images/Salad-74-Chinese Chicken Salad II-bad.jpg
http://allrecipes.com/recipe/cabbage-salad-i/detail.aspx,Salad,./attractive_salad/Cabbage Salad I.jpg,Cabbage Salad I,121,"salt,pepper,mayonnaise,green onion,carrot,cabbage",8,1.1g,5.6g,2g,2.9g,11g,1.7g,101mg,5,723,90,1.2171507607192256,6.196403872752421,2.2130013831258646,3.208852005532504,12.171507607192254,1.8810511756569848,111.75656984785616,0.25654,0.2838616874135546,560.5563485477179,B,6,Labels_MMCIS/Salad-88-Cabbage Salad I.jpeg,4.5,2,images/good_images/Salad-88-Cabbage Salad I-good.jpg,images/bad_images/Salad-88-Cabbage Salad I-bad.jpg
http://allrecipes.com/recipe/chinese-chicken-salad-iii/detail.aspx,Salad,./attractive_salad/Chinese Chicken Salad III.jpg,Chinese Chicken Salad III,393,"sesame oil,vinegar,chicken,wonton wrappers,lettuce,carrot,green onion,cilantro,ginger,hot chili,sugar,peanut butter,hoisin sauce",4,34.1g,41.9g,5.7g,13.3g,10.3g,2g,772.3mg,4,1419.881367,355,9.606436366,11.803803042652364,1.6057679556830189,3.7467918965937104,2.9016508672868584,0.5634273528712347,217.56747231122728,1.961642,0.5526213796705172,463.5351764567525,A,5,Labels_MMCIS/Salad-89-Chinese Chicken Salad III.jpeg,4.524271844660194,103,images/good_images/Salad-89-Chinese Chicken Salad III-good.jpg,images/bad_images/Salad-89-Chinese Chicken Salad III-bad.jpg
http://allrecipes.com/recipe/strawberry-salad-with-shallot-honey-vinaigrette/detail.aspx,Salad,./attractive_salad/Strawberry Salad with Shallot-Honey Vinaigrette.jpg,Strawberry Salad with Shallot-Honey Vinaigrette,371,"salt,lemon juice,honey,shallot,thyme,salt,red pepper,olive oil,vegetable oil,almond,sugar,strawberries",4,8g,28.9g,6.7g,19.6g,27.7g,3.1g,320.9mg,5,932.3,233,3.4323715542207447,12.39944223962244,2.8746111766598736,8.409310307840824,11.884586506489327,1.3300439772605386,137.68100396867962,0.8150859999999999,0.3497097500804462,666.4390432264292,A,7,Labels_MMCIS/Salad-94-Strawberry Salad with Shallot-Honey Vinaigrette.jpeg,4.5,4,images/good_images/Salad-94-Strawberry Salad with Shallot-Honey Vinaigrette-good.jpg,images/bad_images/Salad-94-Strawberry Salad with Shallot-Honey Vinaigrette-bad.jpg
http://allrecipes.com/recipe/estrellita-salad/detail.aspx,Salad,./attractive_salad/Estrellita Salad.jpg,Estrellita Salad,450,"green pepper,tomato,cucumber,olives,corn,green onion,Cheddar cheese",6,11.1g,38.5g,4.4g,14.4g,30.1g,8.8g,1051.6mg,5,1751,292,3.8035408338092513,13.192461450599655,1.5077098800685322,4.934323243860651,10.31410622501428,3.0154197601370645,360.3426613363792,2.671064,0.9152703597944032,645.5945174186179,C,7,Labels_MMCIS/Salad-99-Estrellita Salad.jpeg,4.818181818181818,11,images/good_images/Salad-99-Estrellita Salad-good.jpg,images/bad_images/Salad-99-Estrellita Salad-bad.jpg
http://allrecipes.com/recipe/heathers-updated-potato-salad/detail.aspx,Salad,./attractive_salad/Heather's Updated Potato Salad.jpg,Heather's Updated Potato Salad,249,"salt,black pepper,red onion,dill,mustard,buttermilk,mayonnaise,potato,celery",10,4.9g,38.7g,4.2g,3.1g,9.2g,1.4g,164mg,5,2625.3,263,1.866453358,14.741172437435724,1.599817163752714,1.180817430388908,3.504361406315469,0.5332723879175714,62.46905115605836,0.41656,0.1586713899363882,397.1025025711347,A,5,Labels_MMCIS/Salad-101-Heather^s Updated Potato Salad.jpeg,5,2,images/good_images/Salad-101-Heather's Updated Potato Salad-good.jpg,images/bad_images/Salad-101-Heather's Updated Potato Salad-bad.jpg
http://allrecipes.com/recipe/japanese-cucumber-salad-sunomono/detail.aspx,Salad,./attractive_salad/Japanese Cucumber Salad (Sunomono).jpg,Japanese Cucumber Salad (Sunomono),93,"cucumber,salt,lemon juice,sugar,vinegar,sesame seeds",8,1.6g,18g,1.5g,12.9g,2.4g,0.4g,584.7mg,4,1290.88493,161,0.9915678541541268,11.155138359233923,0.9295948632694938,7.994515824117647,1.487351781,0.2478919635385316,362.3560777024487,1.485138,0.9203844373642196,241.30572195927644,C,6,Labels_MMCIS/Salad-102-Japanese Cucumber Salad (Sunomono).jpeg,4.333333333333333,3,images/good_images/Salad-102-Japanese Cucumber Salad (Sunomono)-good.jpg,images/bad_images/Salad-102-Japanese Cucumber Salad (Sunomono)-bad.jpg
http://allrecipes.com/recipe/busy-day-lunch-salad/detail.aspx,Salad,./attractive_salad/Busy Day Lunch Salad.jpg,Busy Day Lunch Salad,341,"salt,pepper,lemon juice,olive oil,thyme,mozzarella cheese,heart of palm,red onion,tomato,dice,bean",2,13.9g,38.4g,7.7g,3.1g,15.3g,2.1g,696.8mg,5,549.48179,275,5.059312338630912,13.976805309599069,2.802640648018563,1.1283358453061747,5.568883365543378,0.7643565403686989,253.62077968043303,1.769872,0.64419678,519.6528168840681,A,6,Labels_MMCIS/Salad-109-Busy Day Lunch Salad.jpeg,3,1,images/good_images/Salad-109-Busy Day Lunch Salad-good.jpg,images/bad_images/Salad-109-Busy Day Lunch Salad-bad.jpg
http://allrecipes.com/recipe/couldnt-be-easier-three-bean-salad/detail.aspx,Salad,./attractive_salad/'Couldn't Be Easier' Three-Bean Salad.jpg,'Couldn't Be Easier' Three-Bean Salad,124,"salt,black pepper,sugar,bean,red pepper,onion,canola oil,vinegar,garlic powder",6,3.9g,16g,4.3g,3.9g,4.9g,0.4g,161.4mg,5,755.629266,126,3.0967567103204283,12.704642914135093,3.414372783173805,3.0967567103204283,3.890796892453872,0.3176160728533773,128.15808539633775,0.409956,0.3255215369066979,412.2364418849812,A,6,Labels_MMCIS/Salad-110-^Couldn^t Be Easier^ Three-Bean Salad.jpeg,4,1,images/good_images/Salad-110-'Couldn't Be Easier' Three-Bean Salad-good.jpg,images/bad_images/Salad-110-'Couldn't Be Easier' Three-Bean Salad-bad.jpg
http://allrecipes.com/recipe/italian-onion-cucumber-salad/detail.aspx,Salad,./attractive_salad/Italian Onion Cucumber Salad.jpg,Italian Onion Cucumber Salad,115,"black pepper,salt,celery,green pepper,red onion,cucumber",4,1.4g,11.1g,1.8g,6g,8.1g,1.3g,1789.5mg,5,798.1882,200,0.7015889235145295,5.562597893579484,0.902042902,3.0068096722051263,4.059193057476921,0.6514754289777773,896.7809847,4.54533,2.2778237012273546,241.28745576544475,C,7,Labels_MMCIS/Salad-113-Italian Onion Cucumber Salad.jpeg,4.666666666666667,3,images/good_images/Salad-113-Italian Onion Cucumber Salad-good.jpg,images/bad_images/Salad-113-Italian Onion Cucumber Salad-bad.jpg
http://allrecipes.com/recipe/restaurant-style-house-salad/detail.aspx,Salad,./attractive_salad/Restaurant-Style House Salad.jpg,Restaurant-Style House Salad,352,"black pepper,Parmesan cheese,salt,vinegar,lettuce,artichoke,olive oil,pepper,red onion",6,8.9g,17.4g,5.7g,4.5g,28.5g,5.5g,975.9mg,5,1886.1933,314,2.8310990183243683,5.534957631330786,1.8131757757807752,1.4314545598269277,9.065878878903874,1.7495555731218002,310.4347788744663,2.478786,0.7885043383411445,468.8025135069666,A,7,Labels_MMCIS/Salad-120-Restaurant-Style House Salad.jpeg,4.56,25,images/good_images/Salad-120-Restaurant-Style House Salad-good.jpg,images/bad_images/Salad-120-Restaurant-Style House Salad-bad.jpg
http://allrecipes.com/recipe/two-bean-and-mango-salad/detail.aspx,Salad,./attractive_salad/Two-Bean and Mango Salad.jpg,Two-Bean and Mango Salad,143,"bean,mango,balsamic vinegar,cilantro,onion         ",4,4.4g,22.1g,3.9g,8.8g,4.9g,0.6g,413mg,4,742.8,186,2.3694130317716757,11.900915455035005,2.100161551,4.738826063543351,2.6386645126548203,0.3231017770597738,222.40172320947767,1.04902,0.5649003769520733,322.4084006462036,A,5,Labels_MMCIS/Salad-123-Two-Bean and Mango Salad.jpeg,4.4,5,images/good_images/Salad-123-Two-Bean and Mango Salad-good.jpg,images/bad_images/Salad-123-Two-Bean and Mango Salad-bad.jpg
http://allrecipes.com/recipe/hot-german-potato-salad-i/detail.aspx,Salad,./attractive_salad/Hot German Potato Salad I.jpg,Hot German Potato Salad I,575,"potato,egg,bacon,escarole,vinegar",6,18.3g,40.9g,7.3g,2.2g,37.8g,12.5g,709.1mg,5,2504.75,417,4.383671025052402,9.797384968559737,1.748677512725821,0.5269987024653159,9.054795887813157,2.9943108094620223,169.8612635991616,1.801114,0.4314476095418704,576.6827028645573,A,7,Labels_MMCIS/Salad-129-Hot German Potato Salad I.jpeg,3,2,images/good_images/Salad-129-Hot German Potato Salad I-good.jpg,images/bad_images/Salad-129-Hot German Potato Salad I-bad.jpg
http://allrecipes.com/recipe/israeli-tomato-and-cucumber-salad/detail.aspx,Salad,./attractive_salad/Israeli Tomato and Cucumber Salad.jpg,Israeli Tomato and Cucumber Salad,208,"olive oil,garlic,purple onion,parsley,mint,lemon juice,salt,black pepper,tomato,cucumber,red pepper         ",6,2.2g,11.2g,2.4g,4.7g,18.4g,2.6g,972.9mg,5,1462.47225,244,0.902581228,4.594958981272978,0.984634067,1.928241715355625,7.548861183519892,1.0666869063669415,399.1460350786143,2.471166,1.0138309290996803,357.2803791661688,C,6,Labels_MMCIS/Salad-130-Israeli Tomato and Cucumber Salad.jpeg,5,1,images/good_images/Salad-130-Israeli Tomato and Cucumber Salad-good.jpg,images/bad_images/Salad-130-Israeli Tomato and Cucumber Salad-bad.jpg
http://allrecipes.com/recipe/japanese-tofu-salad/detail.aspx,Salad,./attractive_salad/Japanese Tofu Salad.jpg,Japanese Tofu Salad,272,"garlic,soy sauce,mirin,sesame oil,vinegar,sesame seeds,cilantro,red onion,tofu,vegetable oil,tomato,ginger",4,17.6g,11g,3.6g,3.4g,19.1g,2.8g,695.2mg,5,793.580114,198,8.871190035893466,5.544493772433416,1.814561598250936,1.7137526205703284,9.627257368498023,1.4113256875285058,350.4120064,1.765808,0.8900464963011914,574.0111577443081,A,6,Labels_MMCIS/Salad-131-Japanese Tofu Salad.jpeg,5,3,images/good_images/Salad-131-Japanese Tofu Salad-good.jpg,images/bad_images/Salad-131-Japanese Tofu Salad-bad.jpg
http://allrecipes.com/recipe/hot-german-potato-salad-ii/detail.aspx,Salad,./attractive_salad/Hot German Potato Salad II.jpg,Hot German Potato Salad II,575,"vinegar,sugar,onion,bacon,potato",6,14.1g,108.2g,5.3g,69.5g,10.6g,3.5g,596.3mg,4,2834.3179,472,2.9848451368140463,22.90498183001985,1.1219630656109534,14.712534539615334,2.2439261312219068,0.7409190055921391,126.2314294,1.5146019999999998,0.3206278307736757,509.6273780721633,A,6,Labels_MMCIS/Salad-140-Hot German Potato Salad II.jpeg,3.5,6,images/good_images/Salad-140-Hot German Potato Salad II-good.jpg,images/bad_images/Salad-140-Hot German Potato Salad II-bad.jpg
http://allrecipes.com/recipe/lime-grilled-chicken-caesar-salad/detail.aspx,Salad,./attractive_salad/Lime Grilled Chicken Caesar Salad.jpg,Lime Grilled Chicken Caesar Salad,259,"chicken,marinade,lettuce,Parmesan cheese,croutons,green pepper,onion,tomato",5,25.6g,14.1g,1.6g,4.9g,10.6g,1.8g,1099.5mg,5,1383.5,277,9.251897361763644,5.095771593783882,0.5782435851102277,1.7708709794000723,3.8308637513552575,0.6505240332490061,397.3617636429346,2.79273,1.0092988796530538,391.89779544633177,B,6,Labels_MMCIS/Salad-143-Lime Grilled Chicken Caesar Salad.jpeg,4.285714285714286,7,images/good_images/Salad-143-Lime Grilled Chicken Caesar Salad-good.jpg,images/bad_images/Salad-143-Lime Grilled Chicken Caesar Salad-bad.jpg
http://allrecipes.com/recipe/persian-style-tomato-avocado-salad/detail.aspx,Salad,./attractive_salad/Persian-Style Tomato Avocado Salad.jpg,Persian-Style Tomato Avocado Salad,198,"lime juice,salt,black pepper,lime,cilantro,red onion,avocado,tomato,garlic",4,3.6g,17.3g,9.2g,5.2g,15.1g,2.2g,16.9mg,5,1111.164706,278,1.295937489936798,6.2276996044185005,3.3118402520607053,1.871909707686486,5.435737805,0.791961799,6.083706549981079,0.042926,0.015452615,298.4207095577062,A,5,Labels_MMCIS/Salad-145-Persian-Style Tomato Avocado Salad.jpeg,4.5,4,images/good_images/Salad-145-Persian-Style Tomato Avocado Salad-good.jpg,images/bad_images/Salad-145-Persian-Style Tomato Avocado Salad-bad.jpg
http://allrecipes.com/recipe/quinoa-vegetable-salad/detail.aspx,Salad,./attractive_salad/Quinoa Vegetable Salad.jpg,Quinoa Vegetable Salad,148,"cucumber,garlic,carrot,yellow pepper,corn,balsamic vinegar,olive oil,black pepper,salt,mint,cilantro,red onion,canola oil,tomato,yellow onion,quinoa",12,4.6g,22.9g,2.7g,2g,4.5g,0.6g,592.1mg,5,1575.616832,131,3.503389839389581,17.44078854826552,2.056337514,1.523212973647644,3.4272291907071986,0.4569638920942931,450.9472008,1.503934,1.1454058901548978,471.9267177770287,B,6,Labels_MMCIS/Salad-148-Quinoa Vegetable Salad.jpeg,4.526315789473684,19,images/good_images/Salad-148-Quinoa Vegetable Salad-good.jpg,images/bad_images/Salad-148-Quinoa Vegetable Salad-bad.jpg
http://allrecipes.com/recipe/strawberry-romaine-salad-ii/detail.aspx,Salad,./attractive_salad/Strawberry Romaine Salad II.jpg,Strawberry Romaine Salad II,366,"red onion,strawberries,lemon juice,poppy seeds,honey,cherry juice,mayonnaise,orange,lettuce",6,2.1g,25.5g,3.2g,18.6g,30.2g,4.5g,217.8mg,5,1419.571806,237,0.8875915924061977,10.77789790778954,1.3525205217618248,7.861525532740606,12.76441242412722,1.901981983727566,92.05592801,0.553212,0.233822057,647.6750777836066,B,7,Labels_MMCIS/Salad-150-Strawberry Romaine Salad II.jpeg,5,8,images/good_images/Salad-150-Strawberry Romaine Salad II-good.jpg,images/bad_images/Salad-150-Strawberry Romaine Salad II-bad.jpg
http://allrecipes.com/recipe/thai-cucumber-salad/detail.aspx,Salad,./attractive_salad/Thai Cucumber Salad.jpg,Thai Cucumber Salad,238,"salt,sugar,vinegar,jalapeno pepper,cilantro,peanuts,cucumber",4,5.8g,37.1g,2.8g,29.5g,9.4g,1.3g,1750.8mg,5,1200.5795,300,1.932400145096597,12.360697479842026,0.9328828286673227,9.828586944887864,3.131820924811726,0.4331241704526855,583.3183058681244,4.447032,1.4816284969050364,331.99247530046944,C,7,Labels_MMCIS/Salad-153-Thai Cucumber Salad.jpeg,4.666666666666667,93,images/good_images/Salad-153-Thai Cucumber Salad-good.jpg,images/bad_images/Salad-153-Thai Cucumber Salad-bad.jpg
http://allrecipes.com/recipe/kale-cranberry-pepita-salad/detail.aspx,Salad,./attractive_salad/Kale Cranberry Pepita Salad.jpg,Kale Cranberry Pepita Salad,449,"olive oil,cranberries,vinegar,orange juice,soy sauce,onion,ginger,salt,black pepper,pumpkin seeds,almond,garlic,cabbage:",4,8.1g,28g,3.9g,9.7g,36.5g,5g,503.5mg,5,1007.410086,252,3.216167919128815,11.117617498223064,1.5485252943953554,3.851460347598704,14.49260852446935,1.985288838968404,199.9185860841183,1.27889,0.5077932086536604,746.4182565271637,A,7,Labels_MMCIS/Salad-162-Kale Cranberry Pepita Salad.jpeg,4.333333333333333,3,images/good_images/Salad-162-Kale Cranberry Pepita Salad-good.jpg,images/bad_images/Salad-162-Kale Cranberry Pepita Salad-bad.jpg
http://allrecipes.com/recipe/10-minute-tomato-basil-salad/detail.aspx,Salad,./attractive_salad/10-Minute Tomato Basil Salad.jpg,10-Minute Tomato Basil Salad,157,"tomato,basil,olive oil,vinegar,salt,black pepper",1,1.7g,7.7g,2.2g,4.8g,13.9g,1.9g,9.2mg,5,207.185714,207,0.8205198935675652,3.716472459100148,1.0618492740286138,2.3167620524260664,6.708956777,0.9170516457519844,4.440460600483293,0.023368,0.01127877,317.2649249358959,A,5,Labels_MMCIS/Salad-172-10-Minute Tomato Basil Salad.jpeg,5,3,images/good_images/Salad-172-10-Minute Tomato Basil Salad-good.jpg,images/bad_images/Salad-172-10-Minute Tomato Basil Salad-bad.jpg
http://allrecipes.com/recipe/baked-eggplant-salad/detail.aspx,Salad,./attractive_salad/Baked Eggplant Salad.jpg,Baked Eggplant Salad,114,"black pepper,eggplant,salt,olive oil,lemon,garlic,red pepper,carrot,cilantro ",4,0.7g,5.2g,1.6g,2.7g,10.3g,1.4g,183.2mg,4,1389.3,347,0.2015403440581588,1.497156841574894,0.4606636435615058,0.777369899,2.965522205427193,0.4030806881163176,52.745987187792416,0.465328,0.1339748074569927,137.42034117901102,B,4,Labels_MMCIS/Salad-174-Baked Eggplant Salad.jpeg,5,1,images/good_images/Salad-174-Baked Eggplant Salad-good.jpg,images/bad_images/Salad-174-Baked Eggplant Salad-bad.jpg
http://allrecipes.com/recipe/black-bean-and-corn-salad-i/detail.aspx,Salad,./attractive_salad/Black Bean and Corn Salad I.jpg,Black Bean and Corn Salad I,304,"onion,balsamic vinegar,pepper,cilantro,cayenne pepper,cumin,bean,corn,red pepper,green onion",6,11.7g,49.5g,10.9g,6.2g,8.5g,0.9g,1083.9mg,4,2006.160714,334,3.499221149113896,14.80439716932802,3.259958165,1.8542881302996717,2.5421692108947105,0.2691708576241458,324.17143619867966,2.7531060000000003,0.8233954479446463,380.6635802,A,5,Labels_MMCIS/Salad-176-Black Bean and Corn Salad I.jpeg,4.509433962264151,53,images/good_images/Salad-176-Black Bean and Corn Salad I-good.jpg,images/bad_images/Salad-176-Black Bean and Corn Salad I-bad.jpg
http://allrecipes.com/recipe/corn-salad-with-arugula/detail.aspx,Salad,./attractive_salad/Corn Salad with Arugula.jpg,Corn Salad with Arugula,222,"olive oil,salt,black pepper,corn,onion,arugula,goat cheese,balsamic vinegar",4,5.7g,18.5g,2.1g,5g,15.2g,4.5g,309.3mg,5,579.8000000000001,145,3.9323904794756808,12.763021731631596,1.4487754398068298,3.4494653328734044,10.48637461193515,3.104518799586064,213.3839254915488,0.785622,0.541995171,641.2346326,B,7,Labels_MMCIS/Salad-177-Corn Salad with Arugula.jpeg,0,0,images/good_images/Salad-177-Corn Salad with Arugula-good.jpg,images/bad_images/Salad-177-Corn Salad with Arugula-bad.jpg
http://allrecipes.com/recipe/maple-cannellini-bean-salad-with-baby-broccoli-and-butternut-squash/detail.aspx,Salad,./attractive_salad/Maple Cannellini Bean Salad with Baby Broccoli and Butternut Squash.jpg,Maple Cannellini Bean Salad with Baby Broccoli and Butternut Squash,181,"chicken,bacon,thyme,maple syrup,broccoli,olive oil,butternut squash,olive oil,red onion,bean        ",8,6g,23.8g,4.9g,5.6g,7g,1.2g,323.2mg,5,1422.4510466000002,178,3.374457076377534,13.38534640296422,2.7558066123749865,3.1494932712856984,3.9368665891071233,0.6748914152755068,181.7707545142032,0.820928,0.461697716,426.2000028,A,6,Labels_MMCIS/Salad-183-Maple Cannellini Bean Salad with Baby Broccoli and Butternut Squash.jpeg,5,1,images/good_images/Salad-183-Maple Cannellini Bean Salad with Baby Broccoli and Butternut Squash-good.jpg,images/bad_images/Salad-183-Maple Cannellini Bean Salad with Baby Broccoli and Butternut Squash-bad.jpg