5626677778;htqkfx;19/05/2023 16:19:46;Scenario Multi-modal (Text + Image + Label expl.);Pasta;1;69;54;5;6;False;A;5;http://allrecipes.com/recipe/pasta-with-vegetables/detail.aspx;Lactose;http://allrecipes.com/recipe/marinated-macaroni-salad/detail.aspx;http://allrecipes.com/recipe/als-quick-vegetarian-spaghetti/detail.aspx;http://allrecipes.com/recipe/linguini-with-vegetables/detail.aspx;http://allrecipes.com/recipe/elbow-macaroni-and-kidney-bean-salad/detail.aspx;http://allrecipes.com/recipe/italian-chicken-bow-tie-pasta/detail.aspx;0;5;http://allrecipes.com/recipe/marinated-macaroni-salad/detail.aspx,http://allrecipes.com/recipe/als-quick-vegetarian-spaghetti/detail.aspx,http://allrecipes.com/recipe/linguini-with-vegetables/detail.aspx,http://allrecipes.com/recipe/elbow-macaroni-and-kidney-bean-salad/detail.aspx,http://allrecipes.com/recipe/italian-chicken-bow-tie-pasta/detail.aspx;http://allrecipes.com/recipe/pasta-with-vegetables/detail.aspx - http://allrecipes.com/recipe/summer-penne-pasta/detail.aspx;http://allrecipes.com/recipe/summer-penne-pasta/detail.aspx
5626677778;fgnrft;23/10/2023 13:10:52;Scenario Multi-modal (Text + High Image + Label expl.);Pasta;1;57;28;17;6;False;C;7;http://allrecipes.com/recipe/baked-spaghetti-casserole/detail.aspx;Reflux;http://allrecipes.com/recipe/manicotti-ii/detail.aspx;http://allrecipes.com/recipe/inside-out-ravioli-ii/detail.aspx;http://allrecipes.com/recipe/mac-and-cheese-i/detail.aspx;http://allrecipes.com/recipe/prosciutto-parmesan-pasta/detail.aspx;http://allrecipes.com/recipe/pork-with-linguine-and-blue-cheese-mushroom-sauce/detail.aspx;0;5;http://allrecipes.com/recipe/manicotti-ii/detail.aspx,http://allrecipes.com/recipe/inside-out-ravioli-ii/detail.aspx,http://allrecipes.com/recipe/mac-and-cheese-i/detail.aspx,http://allrecipes.com/recipe/prosciutto-parmesan-pasta/detail.aspx,http://allrecipes.com/recipe/pork-with-linguine-and-blue-cheese-mushroom-sauce/detail.aspx;http://allrecipes.com/recipe/baked-spaghetti-casserole/detail.aspx - http://allrecipes.com/recipe/sausage-and-zucchini-lasagna/detail.aspx;http://allrecipes.com/recipe/sausage-and-zucchini-lasagna/detail.aspx
5626677778;ejpqsm;23/10/2023 13:34:38;Scenario Multi-modal (Text + High Image + Label expl.);Pasta;1;55;10;37;6;False;B;6;http://allrecipes.com/recipe/peppered-bacon-and-tomato-linguine/detail.aspx;Diabetes;http://allrecipes.com/recipe/pasta-with-spinach-sauce/detail.aspx;http://allrecipes.com/recipe/beef-and-bow-ties-pasta/detail.aspx;http://allrecipes.com/recipe/linguine-with-prosciutto/detail.aspx;http://allrecipes.com/recipe/maui-girls-summer-fettuccine/detail.aspx;http://allrecipes.com/recipe/mexican-orzo-salad/detail.aspx;0;5;http://allrecipes.com/recipe/pasta-with-spinach-sauce/detail.aspx,http://allrecipes.com/recipe/beef-and-bow-ties-pasta/detail.aspx,http://allrecipes.com/recipe/linguine-with-prosciutto/detail.aspx,http://allrecipes.com/recipe/maui-girls-summer-fettuccine/detail.aspx,http://allrecipes.com/recipe/mexican-orzo-salad/detail.aspx;http://allrecipes.com/recipe/peppered-bacon-and-tomato-linguine/detail.aspx - http://allrecipes.com/recipe/herbed-chicken-pasta/detail.aspx;http://allrecipes.com/recipe/herbed-chicken-pasta/detail.aspx
5626677778;iaeyry;23/10/2023 15:48:09;Scenario Textual;Dessert;3;58;45;4;6;True;C;7;http://allrecipes.com/recipe/fall-harvest-baked-apples/detail.aspx;;http://allrecipes.com/recipe/gluten-free-chocolate-chip-cookies-recipe/detail.aspx;http://allrecipes.com/recipe/apple-cranberry-crisp/detail.aspx;http://allrecipes.com/recipe/surprise-banana-cake/detail.aspx;http://allrecipes.com/recipe/cornflake-clusters/detail.aspx;http://allrecipes.com/recipe/saras-pumpkin-pie/detail.aspx;0;5;http://allrecipes.com/recipe/gluten-free-chocolate-chip-cookies-recipe/detail.aspx,http://allrecipes.com/recipe/apple-cranberry-crisp/detail.aspx,http://allrecipes.com/recipe/surprise-banana-cake/detail.aspx,http://allrecipes.com/recipe/cornflake-clusters/detail.aspx,http://allrecipes.com/recipe/saras-pumpkin-pie/detail.aspx;http://allrecipes.com/recipe/chocolate-oat-squares/detail.aspx - http://allrecipes.com/recipe/fall-harvest-baked-apples/detail.aspx;http://allrecipes.com/recipe/chocolate-oat-squares/detail.aspx
5626677778;pcyqmb;23/10/2023 16:09:59;Scenario Textual;Pasta;2;1290;37;1240;6;False;B;6;http://allrecipes.com/recipe/balsamic-chicken-and-pasta/detail.aspx;Lactose;http://allrecipes.com/recipe/bubble-n-squeak-ii/detail.aspx;http://allrecipes.com/recipe/chicken-stroganoff-ii/detail.aspx;http://allrecipes.com/recipe/tomato-and-basil-pasta-sauce/detail.aspx;http://allrecipes.com/recipe/tortellini-bacon-broccoli-salad/detail.aspx;http://allrecipes.com/recipe/fennel-prawn-conchiglie/detail.aspx;0;5;http://allrecipes.com/recipe/bubble-n-squeak-ii/detail.aspx,http://allrecipes.com/recipe/chicken-stroganoff-ii/detail.aspx,http://allrecipes.com/recipe/tomato-and-basil-pasta-sauce/detail.aspx,http://allrecipes.com/recipe/tortellini-bacon-broccoli-salad/detail.aspx,http://allrecipes.com/recipe/fennel-prawn-conchiglie/detail.aspx;http://allrecipes.com/recipe/balsamic-chicken-and-pasta/detail.aspx - http://allrecipes.com/recipe/nicoles-chicken-pasta/detail.aspx;http://allrecipes.com/recipe/nicoles-chicken-pasta/detail.aspx
5626677778;onziqj;24/10/2023 12:26:50;Scenario Textual;Pasta;1;142;7;5;6;False;C;8;http://allrecipes.com/recipe/tomato-cream-sauce-for-pasta/detail.aspx;;http://allrecipes.com/recipe/baked-spaghetti-iii/detail.aspx;http://allrecipes.com/recipe/allies-delicious-macaroni-and-cheese/detail.aspx;http://allrecipes.com/recipe/fresh-from-the-vine-tortellini/detail.aspx;http://allrecipes.com/recipe/alfredo-sauce-2/detail.aspx;http://allrecipes.com/recipe/grandmas-easy-shells/detail.aspx;0;5;http://allrecipes.com/recipe/baked-spaghetti-iii/detail.aspx,http://allrecipes.com/recipe/allies-delicious-macaroni-and-cheese/detail.aspx,http://allrecipes.com/recipe/fresh-from-the-vine-tortellini/detail.aspx,http://allrecipes.com/recipe/alfredo-sauce-2/detail.aspx,http://allrecipes.com/recipe/grandmas-easy-shells/detail.aspx;http://allrecipes.com/recipe/tomato-cream-sauce-for-pasta/detail.aspx - http://allrecipes.com/recipe/lisas-lasagne/detail.aspx;http://allrecipes.com/recipe/lisas-lasagne/detail.aspx
5626677778;rfsvuc;02/11/2023 16:38:08;Scenario Multi-modal (Text + Image);Pasta;1;23;6;7;6;False;B;7;http://allrecipes.com/recipe/brians-favorite-sauce/detail.aspx;;http://allrecipes.com/recipe/quick-italian-pasta-salad/detail.aspx;http://allrecipes.com/recipe/pearl-couscous-salad/detail.aspx;http://allrecipes.com/recipe/mexican-style-spaghetti-and-meatballs/detail.aspx;http://allrecipes.com/recipe/julies-cheesy-chicken-lasagna/detail.aspx;http://allrecipes.com/recipe/shannons-smoky-macaroni-and-cheese/detail.aspx;0;5;http://allrecipes.com/recipe/quick-italian-pasta-salad/detail.aspx,http://allrecipes.com/recipe/pearl-couscous-salad/detail.aspx,http://allrecipes.com/recipe/mexican-style-spaghetti-and-meatballs/detail.aspx,http://allrecipes.com/recipe/julies-cheesy-chicken-lasagna/detail.aspx,http://allrecipes.com/recipe/shannons-smoky-macaroni-and-cheese/detail.aspx;http://allrecipes.com/recipe/brians-favorite-sauce/detail.aspx - http://allrecipes.com/recipe/speedy-spaghetti/detail.aspx;http://allrecipes.com/recipe/speedy-spaghetti/detail.aspx
5626677778;rphjhh;02/11/2023 16:45:37;Scenario Multi-modal (Text + Image);Pasta;1;19;6;5;6;False;B;5;http://allrecipes.com/recipe/speedy-spaghetti/detail.aspx;;http://allrecipes.com/recipe/hearty-mince/detail.aspx;http://allrecipes.com/recipe/spag-bol/detail.aspx;http://allrecipes.com/recipe/easy-chicken-veracruz/detail.aspx;http://allrecipes.com/recipe/spaghetti-pizza-i/detail.aspx;http://allrecipes.com/recipe/marinara-with-white-wine/detail.aspx;0;5;http://allrecipes.com/recipe/hearty-mince/detail.aspx,http://allrecipes.com/recipe/spag-bol/detail.aspx,http://allrecipes.com/recipe/easy-chicken-veracruz/detail.aspx,http://allrecipes.com/recipe/spaghetti-pizza-i/detail.aspx,http://allrecipes.com/recipe/marinara-with-white-wine/detail.aspx;http://allrecipes.com/recipe/speedy-spaghetti/detail.aspx - http://allrecipes.com/recipe/lasagna-helper/detail.aspx;http://allrecipes.com/recipe/lasagna-helper/detail.aspx
5626677778;nxmdxl;02/11/2023 16:52:26;Scenario Multi-modal (Text + Image);Pasta;1;30;7;9;6;False;C;7;http://allrecipes.com/recipe/alysias-basic-meat-lasagna/detail.aspx;;http://allrecipes.com/recipe/catelli-bistro-asian-sesame-pasta-salad/detail.aspx;http://allrecipes.com/recipe/pizza-salad-ii/detail.aspx;http://allrecipes.com/recipe/penne-and-vodka-sauce/detail.aspx;http://allrecipes.com/recipe/marinara-with-white-wine/detail.aspx;http://allrecipes.com/recipe/katies-chicken-and-broccoli-pasta/detail.aspx;0;5;http://allrecipes.com/recipe/catelli-bistro-asian-sesame-pasta-salad/detail.aspx,http://allrecipes.com/recipe/pizza-salad-ii/detail.aspx,http://allrecipes.com/recipe/penne-and-vodka-sauce/detail.aspx,http://allrecipes.com/recipe/marinara-with-white-wine/detail.aspx,http://allrecipes.com/recipe/katies-chicken-and-broccoli-pasta/detail.aspx;http://allrecipes.com/recipe/alysias-basic-meat-lasagna/detail.aspx - http://allrecipes.com/recipe/lasagna-helper/detail.aspx;http://allrecipes.com/recipe/lasagna-helper/detail.aspx
5626677778;qqpqdh;02/11/2023 16:53:10;Scenario Multi-modal (Text + Image);Pasta;1;22;5;5;6;False;B;7;http://allrecipes.com/recipe/ambers-penne-alla-vodka/detail.aspx;;http://allrecipes.com/recipe/rainbow-pasta-salad-i/detail.aspx;http://allrecipes.com/recipe/pasta-fagioli-ii/detail.aspx;http://allrecipes.com/recipe/how-to-make-bolognese-sauce/detail.aspx;http://allrecipes.com/recipe/ziti-with-tomato-pesto-sauce/detail.aspx;http://allrecipes.com/recipe/quick-and-easy-chicken-spaghetti/detail.aspx;0;5;http://allrecipes.com/recipe/rainbow-pasta-salad-i/detail.aspx,http://allrecipes.com/recipe/pasta-fagioli-ii/detail.aspx,http://allrecipes.com/recipe/how-to-make-bolognese-sauce/detail.aspx,http://allrecipes.com/recipe/ziti-with-tomato-pesto-sauce/detail.aspx,http://allrecipes.com/recipe/quick-and-easy-chicken-spaghetti/detail.aspx;http://allrecipes.com/recipe/ambers-penne-alla-vodka/detail.aspx - http://allrecipes.com/recipe/pasta-with-cilantro-pesto-and-barley/detail.aspx;http://allrecipes.com/recipe/pasta-with-cilantro-pesto-and-barley/detail.aspx
5626677778;eqewqh;02/11/2023 17:11:06;Scenario Multi-modal (Text + Image);Pasta;1;134;6;6;6;False;C;8;http://allrecipes.com/recipe/florentine-fettuccini/detail.aspx;;http://allrecipes.com/recipe/lemon-basil-pasta-salad/detail.aspx;http://allrecipes.com/recipe/quick-and-easy-chicken-spaghetti/detail.aspx;http://allrecipes.com/recipe/spicy-sausage-ragu/detail.aspx;http://allrecipes.com/recipe/reheating-pasta/detail.aspx;http://allrecipes.com/recipe/inside-out-ravioli-i/detail.aspx;0;5;http://allrecipes.com/recipe/lemon-basil-pasta-salad/detail.aspx,http://allrecipes.com/recipe/quick-and-easy-chicken-spaghetti/detail.aspx,http://allrecipes.com/recipe/spicy-sausage-ragu/detail.aspx,http://allrecipes.com/recipe/reheating-pasta/detail.aspx,http://allrecipes.com/recipe/inside-out-ravioli-i/detail.aspx;http://allrecipes.com/recipe/florentine-fettuccini/detail.aspx - http://allrecipes.com/recipe/penne-pasta-with-peas-and-prosciutto/detail.aspx;http://allrecipes.com/recipe/penne-pasta-with-peas-and-prosciutto/detail.aspx
5626677778;loyhbm;03/11/2023 09:39:49;Scenario Multi-modal (Text + Image);Pasta;1;171;153;11;6;False;D;9;http://allrecipes.com/recipe/chicken-primavera-alfredo/detail.aspx;;http://allrecipes.com/recipe/mexican-orzo-salad/detail.aspx;http://allrecipes.com/recipe/elegant-chicken-lasagna-with-white-sauce/detail.aspx;http://allrecipes.com/recipe/alfredo-light/detail.aspx;http://allrecipes.com/recipe/fettuccini-al-fungi/detail.aspx;http://allrecipes.com/recipe/chicken-fettuccini-alfredo/detail.aspx;0;5;http://allrecipes.com/recipe/mexican-orzo-salad/detail.aspx,http://allrecipes.com/recipe/elegant-chicken-lasagna-with-white-sauce/detail.aspx,http://allrecipes.com/recipe/alfredo-light/detail.aspx,http://allrecipes.com/recipe/fettuccini-al-fungi/detail.aspx,http://allrecipes.com/recipe/chicken-fettuccini-alfredo/detail.aspx;http://allrecipes.com/recipe/chicken-primavera-alfredo/detail.aspx - http://allrecipes.com/recipe/marinara-with-white-wine/detail.aspx;http://allrecipes.com/recipe/marinara-with-white-wine/detail.aspx
5626677778;hfjdun;03/11/2023 09:45:06;Scenario Multi-modal (Text + Image);Pasta;1;15;4;4;6;False;C;7;http://allrecipes.com/recipe/fresh-spinach-and-sun-dried-tomato-lasagna/detail.aspx;;http://allrecipes.com/recipe/rotelle-pasta-salad/detail.aspx;http://allrecipes.com/recipe/lemon-butter-herb-pasta/detail.aspx;http://allrecipes.com/recipe/grandma-augustas-spaghetti-sauce/detail.aspx;http://allrecipes.com/recipe/pasta-fagioli-ii/detail.aspx;http://allrecipes.com/recipe/alfredo-light/detail.aspx;0;5;http://allrecipes.com/recipe/rotelle-pasta-salad/detail.aspx,http://allrecipes.com/recipe/lemon-butter-herb-pasta/detail.aspx,http://allrecipes.com/recipe/grandma-augustas-spaghetti-sauce/detail.aspx,http://allrecipes.com/recipe/pasta-fagioli-ii/detail.aspx,http://allrecipes.com/recipe/alfredo-light/detail.aspx;http://allrecipes.com/recipe/fresh-spinach-and-sun-dried-tomato-lasagna/detail.aspx - http://allrecipes.com/recipe/lisas-lasagne/detail.aspx;http://allrecipes.com/recipe/lisas-lasagne/detail.aspx
5626677778;vbxxih;03/11/2023 09:57:23;Scenario Multi-modal (Text + Image);Pasta;1;24;7;5;6;False;C;8;http://allrecipes.com/recipe/vincentes-macaroni-and-cheese/detail.aspx;;http://allrecipes.com/recipe/vincentes-macaroni-and-cheese/detail.aspx;http://allrecipes.com/recipe/slow-cooker-macaroni-and-cheese-ii/detail.aspx;http://allrecipes.com/recipe/pasta-carbonara-ii/detail.aspx;http://allrecipes.com/recipe/fettuccine-alfredo-iii/detail.aspx;http://allrecipes.com/recipe/peppered-bacon-and-tomato-linguine/detail.aspx;0;5;http://allrecipes.com/recipe/vincentes-macaroni-and-cheese/detail.aspx,http://allrecipes.com/recipe/slow-cooker-macaroni-and-cheese-ii/detail.aspx,http://allrecipes.com/recipe/pasta-carbonara-ii/detail.aspx,http://allrecipes.com/recipe/fettuccine-alfredo-iii/detail.aspx,http://allrecipes.com/recipe/peppered-bacon-and-tomato-linguine/detail.aspx;http://allrecipes.com/recipe/vincentes-macaroni-and-cheese/detail.aspx - http://allrecipes.com/recipe/lisas-lasagne/detail.aspx;http://allrecipes.com/recipe/lisas-lasagne/detail.aspx
5626677778;bhisje;03/11/2023 10:04:14;Scenario Multi-modal (Text + Image);Pasta;1;21;10;4;6;False;D;9;http://allrecipes.com/recipe/southern-macaroni-and-cheese-pie/detail.aspx;;http://allrecipes.com/recipe/chickn-parmesan-casserole/detail.aspx;http://allrecipes.com/recipe/chicken-sausage-and-zucchini-pasta/detail.aspx;http://allrecipes.com/recipe/best-ever-pasta-salad/detail.aspx;http://allrecipes.com/recipe/phenomenal-chicken-and-pasta-in-creamy-pesto-sauce/detail.aspx;http://allrecipes.com/recipe/sweet-pea-and-noodle-salad/detail.aspx;0;5;http://allrecipes.com/recipe/chickn-parmesan-casserole/detail.aspx,http://allrecipes.com/recipe/chicken-sausage-and-zucchini-pasta/detail.aspx,http://allrecipes.com/recipe/best-ever-pasta-salad/detail.aspx,http://allrecipes.com/recipe/phenomenal-chicken-and-pasta-in-creamy-pesto-sauce/detail.aspx,http://allrecipes.com/recipe/sweet-pea-and-noodle-salad/detail.aspx;http://allrecipes.com/recipe/southern-macaroni-and-cheese-pie/detail.aspx - http://allrecipes.com/recipe/tomato-and-basil-pasta-sauce/detail.aspx;http://allrecipes.com/recipe/tomato-and-basil-pasta-sauce/detail.aspx
5626677778;diqliz;03/11/2023 10:10:36;Scenario Multi-modal (Text + Image);Pasta;1;16;5;4;6;False;B;7;http://allrecipes.com/recipe/creamy-spinach-pasta/detail.aspx;;http://allrecipes.com/recipe/penne-with-chicken-and-pesto/detail.aspx;http://allrecipes.com/recipe/restaurant-style-lasagna/detail.aspx;http://allrecipes.com/recipe/rigatoni-florentine/detail.aspx;http://allrecipes.com/recipe/ham-tetrazzini/detail.aspx;http://allrecipes.com/recipe/veggie-lo-mein/detail.aspx;0;5;http://allrecipes.com/recipe/penne-with-chicken-and-pesto/detail.aspx,http://allrecipes.com/recipe/restaurant-style-lasagna/detail.aspx,http://allrecipes.com/recipe/rigatoni-florentine/detail.aspx,http://allrecipes.com/recipe/ham-tetrazzini/detail.aspx,http://allrecipes.com/recipe/veggie-lo-mein/detail.aspx;http://allrecipes.com/recipe/creamy-spinach-pasta/detail.aspx - http://allrecipes.com/recipe/pasta-pomodoro/detail.aspx;http://allrecipes.com/recipe/pasta-pomodoro/detail.aspx
5626677778;nijyze;06/11/2023 10:03:29;Scenario Multi-modal (Text + Image);Pasta;;255187;5;258;6;False;A;5;http://allrecipes.com/recipe/spinach-and-pasta-shells/detail.aspx;;http://allrecipes.com/recipe/mamas-lasagna-scramble/detail.aspx;http://allrecipes.com/recipe/fabulous-foolproof-lasagna/detail.aspx;http://allrecipes.com/recipe/spaghetti-with-bacon/detail.aspx;http://allrecipes.com/recipe/simple-spinach-lasagna/detail.aspx;http://allrecipes.com/recipe/chicken-and-artichoke-penne-with-a-white-sauce/detail.aspx;0;5;http://allrecipes.com/recipe/mamas-lasagna-scramble/detail.aspx,http://allrecipes.com/recipe/fabulous-foolproof-lasagna/detail.aspx,http://allrecipes.com/recipe/spaghetti-with-bacon/detail.aspx,http://allrecipes.com/recipe/simple-spinach-lasagna/detail.aspx,http://allrecipes.com/recipe/chicken-and-artichoke-penne-with-a-white-sauce/detail.aspx;http://allrecipes.com/recipe/spinach-and-pasta-shells/detail.aspx - http://allrecipes.com/recipe/italian-chicken-skillet/detail.aspx;http://allrecipes.com/recipe/italian-chicken-skillet/detail.aspx
5626677778;eiziww;06/11/2023 10:12:25;Scenario Multi-modal (Text + Image);Pasta;1;24;6;4;6;False;D;8;http://allrecipes.com/recipe/grandmas-best-ever-sour-cream-lasagna/detail.aspx;;http://allrecipes.com/recipe/clams-and-sausage-in-spicy-marinara-with-crostini/detail.aspx;http://allrecipes.com/recipe/penne-in-vodka-cream/detail.aspx;http://allrecipes.com/recipe/macaroni-with-four-cheeses/detail.aspx;http://allrecipes.com/recipe/fettuccini-alfredo-i/detail.aspx;http://allrecipes.com/recipe/bacon-ranch-macaroni-salad/detail.aspx;0;5;http://allrecipes.com/recipe/clams-and-sausage-in-spicy-marinara-with-crostini/detail.aspx,http://allrecipes.com/recipe/penne-in-vodka-cream/detail.aspx,http://allrecipes.com/recipe/macaroni-with-four-cheeses/detail.aspx,http://allrecipes.com/recipe/fettuccini-alfredo-i/detail.aspx,http://allrecipes.com/recipe/bacon-ranch-macaroni-salad/detail.aspx;http://allrecipes.com/recipe/grandmas-best-ever-sour-cream-lasagna/detail.aspx - http://allrecipes.com/recipe/pasta-primavera-with-smoked-gouda/detail.aspx;http://allrecipes.com/recipe/pasta-primavera-with-smoked-gouda/detail.aspx
5626677778;jupkuo;06/11/2023 10:21:31;Scenario Multi-modal (Text + Image);Pasta;1;44;13;11;6;False;B;7;http://allrecipes.com/recipe/greek-pasta-salad-i/detail.aspx;;http://allrecipes.com/recipe/julies-cheesy-chicken-lasagna/detail.aspx;http://allrecipes.com/recipe/quick-italian-pasta-salad/detail.aspx;http://allrecipes.com/recipe/macaroni-salad-for-a-crowd/detail.aspx;http://allrecipes.com/recipe/mamas-macaroni-salad/detail.aspx;http://allrecipes.com/recipe/awesome-pasta-salad/detail.aspx;0;5;http://allrecipes.com/recipe/julies-cheesy-chicken-lasagna/detail.aspx,http://allrecipes.com/recipe/quick-italian-pasta-salad/detail.aspx,http://allrecipes.com/recipe/macaroni-salad-for-a-crowd/detail.aspx,http://allrecipes.com/recipe/mamas-macaroni-salad/detail.aspx,http://allrecipes.com/recipe/awesome-pasta-salad/detail.aspx;http://allrecipes.com/recipe/greek-pasta-salad-i/detail.aspx - http://allrecipes.com/recipe/ham-tetrazzini/detail.aspx;http://allrecipes.com/recipe/ham-tetrazzini/detail.aspx
5626677778;oupsgf;06/11/2023 11:37:53;Scenario Multi-modal (Text + Image);Pasta;1;27;5;6;6;False;A;6;http://allrecipes.com/recipe/garlic-mushroom-pasta/detail.aspx;;http://allrecipes.com/recipe/spicy-sausage-broccoli-rabe-parmesan/detail.aspx;http://allrecipes.com/recipe/fettuccine-alfredo-with-ham/detail.aspx;http://allrecipes.com/recipe/als-quick-vegetarian-spaghetti/detail.aspx;http://allrecipes.com/recipe/chicken-giardino/detail.aspx;http://allrecipes.com/recipe/spaghetti-with-bacon/detail.aspx;0;5;http://allrecipes.com/recipe/spicy-sausage-broccoli-rabe-parmesan/detail.aspx,http://allrecipes.com/recipe/fettuccine-alfredo-with-ham/detail.aspx,http://allrecipes.com/recipe/als-quick-vegetarian-spaghetti/detail.aspx,http://allrecipes.com/recipe/chicken-giardino/detail.aspx,http://allrecipes.com/recipe/spaghetti-with-bacon/detail.aspx;http://allrecipes.com/recipe/garlic-mushroom-pasta/detail.aspx - http://allrecipes.com/recipe/herbed-chicken-pasta/detail.aspx;http://allrecipes.com/recipe/herbed-chicken-pasta/detail.aspx
5626677778;ksbqhk;06/11/2023 11:38:58;Scenario Multi-modal (Text + Image);Pasta;1;36;6;4;6;False;D;9;http://allrecipes.com/recipe/spaghetti-with-broccoli-and-mushrooms/detail.aspx;;http://allrecipes.com/recipe/easy-vegetarian-pasta/detail.aspx;http://allrecipes.com/recipe/chicken-spaghetti-bake/detail.aspx;http://allrecipes.com/recipe/creamy-alfredo-potatoes/detail.aspx;http://allrecipes.com/recipe/three-cheese-noodle-bake/detail.aspx;http://allrecipes.com/recipe/spinach-and-pasta-shells/detail.aspx;0;5;http://allrecipes.com/recipe/easy-vegetarian-pasta/detail.aspx,http://allrecipes.com/recipe/chicken-spaghetti-bake/detail.aspx,http://allrecipes.com/recipe/creamy-alfredo-potatoes/detail.aspx,http://allrecipes.com/recipe/three-cheese-noodle-bake/detail.aspx,http://allrecipes.com/recipe/spinach-and-pasta-shells/detail.aspx;http://allrecipes.com/recipe/spaghetti-with-broccoli-and-mushrooms/detail.aspx - http://allrecipes.com/recipe/spaghetti-with-broccoli-and-chicken/detail.aspx;http://allrecipes.com/recipe/spaghetti-with-broccoli-and-chicken/detail.aspx
5626677778;rztxwv;06/11/2023 15:10:23;Scenario Multi-modal (Text + Image);Pasta;1;14;5;3;6;False;C;8;http://allrecipes.com/recipe/tomato-cream-sauce-for-pasta/detail.aspx;;http://allrecipes.com/recipe/summer-penne-pasta/detail.aspx;http://allrecipes.com/recipe/spicy-creamy-tomato-sauce/detail.aspx;http://allrecipes.com/recipe/southern-macaroni-and-cheese-pie/detail.aspx;http://allrecipes.com/recipe/spicy-sesame-noodle-salad/detail.aspx;http://allrecipes.com/recipe/thai-style-chicken-with-noodles/detail.aspx;0;5;http://allrecipes.com/recipe/summer-penne-pasta/detail.aspx,http://allrecipes.com/recipe/spicy-creamy-tomato-sauce/detail.aspx,http://allrecipes.com/recipe/southern-macaroni-and-cheese-pie/detail.aspx,http://allrecipes.com/recipe/spicy-sesame-noodle-salad/detail.aspx,http://allrecipes.com/recipe/thai-style-chicken-with-noodles/detail.aspx;http://allrecipes.com/recipe/tomato-cream-sauce-for-pasta/detail.aspx - http://allrecipes.com/recipe/pasta-pomodoro/detail.aspx;http://allrecipes.com/recipe/pasta-pomodoro/detail.aspx
5626677778;qfaukv;06/11/2023 15:23:20;Scenario Multi-modal (Text + Image);Pasta;1;20;4;4;6;False;B;7;http://allrecipes.com/recipe/pasta-with-tomato-and-bacon/detail.aspx;;http://allrecipes.com/recipe/fettuccini-alfredo-i/detail.aspx;http://allrecipes.com/recipe/prosciutto-parmesan-pasta/detail.aspx;http://allrecipes.com/recipe/penne-pasta-with-veggies/detail.aspx;http://allrecipes.com/recipe/artichoke-tetrazzini/detail.aspx;http://allrecipes.com/recipe/mac-and-cheese-i/detail.aspx;0;5;http://allrecipes.com/recipe/fettuccini-alfredo-i/detail.aspx,http://allrecipes.com/recipe/prosciutto-parmesan-pasta/detail.aspx,http://allrecipes.com/recipe/penne-pasta-with-veggies/detail.aspx,http://allrecipes.com/recipe/artichoke-tetrazzini/detail.aspx,http://allrecipes.com/recipe/mac-and-cheese-i/detail.aspx;http://allrecipes.com/recipe/pasta-with-tomato-and-bacon/detail.aspx - http://allrecipes.com/recipe/spaghetti-with-broccoli-and-chicken/detail.aspx;http://allrecipes.com/recipe/spaghetti-with-broccoli-and-chicken/detail.aspx
5626677778;axygfs;07/11/2023 17:04:40;Scenario Multi-modal (Text + Image);Pasta;1;23;6;3;9;False;D;8;http://allrecipes.com/recipe/sloppy-joe-mac-and-cheese/detail.aspx;;http://allrecipes.com/recipe/alfredo-light/detail.aspx;http://allrecipes.com/recipe/fennel-prawn-conchiglie/detail.aspx;http://allrecipes.com/recipe/kims-summer-cucumber-pasta-salad/detail.aspx;http://allrecipes.com/recipe/mamas-lasagna-scramble/detail.aspx;http://allrecipes.com/recipe/montigott/detail.aspx;0;5;http://allrecipes.com/recipe/alfredo-light/detail.aspx,http://allrecipes.com/recipe/fennel-prawn-conchiglie/detail.aspx,http://allrecipes.com/recipe/kims-summer-cucumber-pasta-salad/detail.aspx,http://allrecipes.com/recipe/mamas-lasagna-scramble/detail.aspx,http://allrecipes.com/recipe/montigott/detail.aspx;http://allrecipes.com/recipe/sloppy-joe-mac-and-cheese/detail.aspx - http://allrecipes.com/recipe/tomato-and-basil-pasta-sauce/detail.aspx;http://allrecipes.com/recipe/tomato-and-basil-pasta-sauce/detail.aspx
5626677778;kmlncz;08/11/2023 13:53:32;Scenario Multi-modal (Text + Image);Pasta;1;22;5;4;11;False;B;7;http://allrecipes.com/recipe/deep-dish-lasagna/detail.aspx;;http://allrecipes.com/recipe/chicken-and-bow-tie-pasta/detail.aspx;http://allrecipes.com/recipe/easy-vegetarian-pasta/detail.aspx;http://allrecipes.com/recipe/easy-asian-pasta-salad/detail.aspx;http://allrecipes.com/recipe/rustic-sausage-pasta/detail.aspx;http://allrecipes.com/recipe/dirty-alfredo/detail.aspx;0;5;http://allrecipes.com/recipe/chicken-and-bow-tie-pasta/detail.aspx,http://allrecipes.com/recipe/easy-vegetarian-pasta/detail.aspx,http://allrecipes.com/recipe/easy-asian-pasta-salad/detail.aspx,http://allrecipes.com/recipe/rustic-sausage-pasta/detail.aspx,http://allrecipes.com/recipe/dirty-alfredo/detail.aspx;http://allrecipes.com/recipe/deep-dish-lasagna/detail.aspx - http://allrecipes.com/recipe/lisas-lasagne/detail.aspx;http://allrecipes.com/recipe/lisas-lasagne/detail.aspx
5626677778;mmqfnq;08/11/2023 14:14:45;Scenario Multi-modal (Text + Image);Pasta;1;66;7;7;14;False;B;7;http://allrecipes.com/recipe/deep-dish-lasagna/detail.aspx;;http://allrecipes.com/recipe/nicks-pepper-sauce-sauce-au-poivre/detail.aspx;http://allrecipes.com/recipe/church-supper-macaroni-and-cheese/detail.aspx;http://allrecipes.com/recipe/kims-summer-cucumber-pasta-salad/detail.aspx;http://allrecipes.com/recipe/to-die-for-fettuccini-alfredo/detail.aspx;http://allrecipes.com/recipe/macaroni-salad-for-a-crowd/detail.aspx;0;5;http://allrecipes.com/recipe/nicks-pepper-sauce-sauce-au-poivre/detail.aspx,http://allrecipes.com/recipe/church-supper-macaroni-and-cheese/detail.aspx,http://allrecipes.com/recipe/kims-summer-cucumber-pasta-salad/detail.aspx,http://allrecipes.com/recipe/to-die-for-fettuccini-alfredo/detail.aspx,http://allrecipes.com/recipe/macaroni-salad-for-a-crowd/detail.aspx;http://allrecipes.com/recipe/deep-dish-lasagna/detail.aspx - http://allrecipes.com/recipe/greek-god-pasta/detail.aspx;http://allrecipes.com/recipe/greek-god-pasta/detail.aspx
5626677778;zmpmqh;08/11/2023 14:31:49;Scenario Multi-modal (Text + Image);Pasta;5;45;9;9;14;False;D;8;http://allrecipes.com/recipe/grandmas-best-ever-sour-cream-lasagna/detail.aspx;;http://allrecipes.com/recipe/bow-tie-pasta-salad/detail.aspx;http://allrecipes.com/recipe/saffron-scented-cauliflower-pasta/detail.aspx;http://allrecipes.com/recipe/easy-roasted-vegetable-lasagna/detail.aspx;http://allrecipes.com/recipe/moms-spaghetti-sauce/detail.aspx;http://allrecipes.com/recipe/creamy-pasta-primavera/detail.aspx;0;5;http://allrecipes.com/recipe/bow-tie-pasta-salad/detail.aspx,http://allrecipes.com/recipe/saffron-scented-cauliflower-pasta/detail.aspx,http://allrecipes.com/recipe/easy-roasted-vegetable-lasagna/detail.aspx,http://allrecipes.com/recipe/moms-spaghetti-sauce/detail.aspx,http://allrecipes.com/recipe/creamy-pasta-primavera/detail.aspx;http://allrecipes.com/recipe/grandmas-best-ever-sour-cream-lasagna/detail.aspx - http://allrecipes.com/recipe/pasta-with-bacon-and-peas/detail.aspx;http://allrecipes.com/recipe/pasta-with-bacon-and-peas/detail.aspx
5626677778;hpmdjb;08/11/2023 15:09:25;Scenario Multi-modal (Text + Image);Pasta;3;33;4;4;14;False;A;5;http://allrecipes.com/recipe/alfredo-light/detail.aspx;;http://allrecipes.com/recipe/artichoke-spinach-lasagna/detail.aspx;http://allrecipes.com/recipe/baked-spaghetti-iii/detail.aspx;http://allrecipes.com/recipe/pasta-sauce-a-la-pauly/detail.aspx;http://allrecipes.com/recipe/greek-goddess-pasta-salad/detail.aspx;http://allrecipes.com/recipe/sesame-noodles/detail.aspx;0;5;http://allrecipes.com/recipe/artichoke-spinach-lasagna/detail.aspx,http://allrecipes.com/recipe/baked-spaghetti-iii/detail.aspx,http://allrecipes.com/recipe/pasta-sauce-a-la-pauly/detail.aspx,http://allrecipes.com/recipe/greek-goddess-pasta-salad/detail.aspx,http://allrecipes.com/recipe/sesame-noodles/detail.aspx;http://allrecipes.com/recipe/alfredo-light/detail.aspx - http://allrecipes.com/recipe/herbed-chicken-pasta/detail.aspx;http://allrecipes.com/recipe/herbed-chicken-pasta/detail.aspx
5626677778;mvvwlg;08/11/2023 15:11:18;Scenario Multi-modal (Text + Image);Pasta;3;30;4;4;14;False;B;7;http://allrecipes.com/recipe/deep-dish-lasagna/detail.aspx;;http://allrecipes.com/recipe/absolutely-fabulous-portobello-mushroom-tortellini/detail.aspx;http://allrecipes.com/recipe/southwestern-lasagna-2/detail.aspx;http://allrecipes.com/recipe/bow-tie-pasta-with-red-pepper-sauce/detail.aspx;http://allrecipes.com/recipe/broccoli-and-sausage-cavatelli/detail.aspx;http://allrecipes.com/recipe/peppered-bacon-and-tomato-linguine/detail.aspx;0;5;http://allrecipes.com/recipe/absolutely-fabulous-portobello-mushroom-tortellini/detail.aspx,http://allrecipes.com/recipe/southwestern-lasagna-2/detail.aspx,http://allrecipes.com/recipe/bow-tie-pasta-with-red-pepper-sauce/detail.aspx,http://allrecipes.com/recipe/broccoli-and-sausage-cavatelli/detail.aspx,http://allrecipes.com/recipe/peppered-bacon-and-tomato-linguine/detail.aspx;http://allrecipes.com/recipe/deep-dish-lasagna/detail.aspx - http://allrecipes.com/recipe/pasta-pomodoro/detail.aspx;http://allrecipes.com/recipe/pasta-pomodoro/detail.aspx
5626677778;obzdop;08/11/2023 15:27:15;Scenario Multi-modal (Text + Image);Pasta;3;36;7;6;14;False;C;8;http://allrecipes.com/recipe/mushroom-and-spinach-ravioli-with-chive-butter-sauce/detail.aspx;;http://allrecipes.com/recipe/creamy-penne-pasta-primavera/detail.aspx;http://allrecipes.com/recipe/spaghetti-with-bacon/detail.aspx;http://allrecipes.com/recipe/angelas-alfredo-ham/detail.aspx;http://allrecipes.com/recipe/bolognese-sauce/detail.aspx;http://allrecipes.com/recipe/spicy-sausage-ragu/detail.aspx;0;5;http://allrecipes.com/recipe/creamy-penne-pasta-primavera/detail.aspx,http://allrecipes.com/recipe/spaghetti-with-bacon/detail.aspx,http://allrecipes.com/recipe/angelas-alfredo-ham/detail.aspx,http://allrecipes.com/recipe/bolognese-sauce/detail.aspx,http://allrecipes.com/recipe/spicy-sausage-ragu/detail.aspx;http://allrecipes.com/recipe/mushroom-and-spinach-ravioli-with-chive-butter-sauce/detail.aspx - http://allrecipes.com/recipe/spaghetti-with-broccoli-and-chicken/detail.aspx;http://allrecipes.com/recipe/spaghetti-with-broccoli-and-chicken/detail.aspx
5626677778;omrvnv;08/11/2023 15:32:17;Scenario Multi-modal (Text + Image);Pasta;3;41;5;4;14;False;B;7;http://allrecipes.com/recipe/deep-dish-lasagna/detail.aspx;;http://allrecipes.com/recipe/polish-style-lasagna/detail.aspx;http://allrecipes.com/recipe/summer-lasagna/detail.aspx;http://allrecipes.com/recipe/pasta-primavera-with-smoked-gouda/detail.aspx;http://allrecipes.com/recipe/moms-spaghetti-sauce/detail.aspx;http://allrecipes.com/recipe/mediterranean-chicken-and-orzo-salad-in-red-pepper-cups/detail.aspx;0;5;http://allrecipes.com/recipe/polish-style-lasagna/detail.aspx,http://allrecipes.com/recipe/summer-lasagna/detail.aspx,http://allrecipes.com/recipe/pasta-primavera-with-smoked-gouda/detail.aspx,http://allrecipes.com/recipe/moms-spaghetti-sauce/detail.aspx,http://allrecipes.com/recipe/mediterranean-chicken-and-orzo-salad-in-red-pepper-cups/detail.aspx;http://allrecipes.com/recipe/deep-dish-lasagna/detail.aspx - http://allrecipes.com/recipe/herbed-chicken-pasta/detail.aspx;http://allrecipes.com/recipe/herbed-chicken-pasta/detail.aspx
5626677778;nfwhit;08/11/2023 15:33:23;Scenario Multi-modal (Text + Image);Pasta;3;31;8;3;14;False;B;7;http://allrecipes.com/recipe/creamy-spinach-pasta/detail.aspx;;http://allrecipes.com/recipe/basil-cream-sauce/detail.aspx;http://allrecipes.com/recipe/pasta-with-thai-style-chicken/detail.aspx;http://allrecipes.com/recipe/penne-with-chicken-and-pesto/detail.aspx;http://allrecipes.com/recipe/awesome-easy-pasta/detail.aspx;http://allrecipes.com/recipe/fettuccine-in-creamy-mushroom-and-sage-sauce/detail.aspx;0;5;http://allrecipes.com/recipe/basil-cream-sauce/detail.aspx,http://allrecipes.com/recipe/pasta-with-thai-style-chicken/detail.aspx,http://allrecipes.com/recipe/penne-with-chicken-and-pesto/detail.aspx,http://allrecipes.com/recipe/awesome-easy-pasta/detail.aspx,http://allrecipes.com/recipe/fettuccine-in-creamy-mushroom-and-sage-sauce/detail.aspx;http://allrecipes.com/recipe/creamy-spinach-pasta/detail.aspx - http://allrecipes.com/recipe/pasta-with-spinach-pesto-sauce/detail.aspx;http://allrecipes.com/recipe/pasta-with-spinach-pesto-sauce/detail.aspx
5626677778;yhtsea;08/11/2023 15:53:52;Scenario Multi-modal (Text + Image);Pasta;1;22;6;4;14;False;D;9;http://allrecipes.com/recipe/slow-cooker-macaroni-and-cheese-ii/detail.aspx;;http://allrecipes.com/recipe/chicken-and-artichoke-penne-with-a-white-sauce/detail.aspx;http://allrecipes.com/recipe/farfalle-with-ham-and-peas/detail.aspx;http://allrecipes.com/recipe/angels-ravioli-alfredo-with-mushrooms/detail.aspx;http://allrecipes.com/recipe/easy-pasta-casserole/detail.aspx;http://allrecipes.com/recipe/tomato-and-macaroni-salad/detail.aspx;0;5;http://allrecipes.com/recipe/chicken-and-artichoke-penne-with-a-white-sauce/detail.aspx,http://allrecipes.com/recipe/farfalle-with-ham-and-peas/detail.aspx,http://allrecipes.com/recipe/angels-ravioli-alfredo-with-mushrooms/detail.aspx,http://allrecipes.com/recipe/easy-pasta-casserole/detail.aspx,http://allrecipes.com/recipe/tomato-and-macaroni-salad/detail.aspx;http://allrecipes.com/recipe/slow-cooker-macaroni-and-cheese-ii/detail.aspx - http://allrecipes.com/recipe/alfredo-light/detail.aspx;http://allrecipes.com/recipe/alfredo-light/detail.aspx
5626677778;dfnmly;08/11/2023 15:54:53;Scenario Multi-modal (Text + Image);Pasta;1;38;5;4;14;False;A;6;http://allrecipes.com/recipe/quick-pasta-sauce/detail.aspx;;http://allrecipes.com/recipe/cafeteria-macaroni-and-cheese/detail.aspx;http://allrecipes.com/recipe/baked-ziti-iii/detail.aspx;http://allrecipes.com/recipe/barbecue-lasagna/detail.aspx;http://allrecipes.com/recipe/tonys-summer-pasta/detail.aspx;http://allrecipes.com/recipe/buffalo-cheesy-chicken-lasagna/detail.aspx;0;5;http://allrecipes.com/recipe/cafeteria-macaroni-and-cheese/detail.aspx,http://allrecipes.com/recipe/baked-ziti-iii/detail.aspx,http://allrecipes.com/recipe/barbecue-lasagna/detail.aspx,http://allrecipes.com/recipe/tonys-summer-pasta/detail.aspx,http://allrecipes.com/recipe/buffalo-cheesy-chicken-lasagna/detail.aspx;http://allrecipes.com/recipe/quick-pasta-sauce/detail.aspx - http://allrecipes.com/recipe/pasta-primavera-with-smoked-gouda/detail.aspx;http://allrecipes.com/recipe/pasta-primavera-with-smoked-gouda/detail.aspx
5626677778;wbgdqd;08/11/2023 15:56:14;Scenario Multi-modal (Text + Image);Pasta;4;35;6;4;14;False;C;7;http://allrecipes.com/recipe/pasta-with-clam-sauce/detail.aspx;;http://allrecipes.com/recipe/pasta-and-bean-casserole/detail.aspx;http://allrecipes.com/recipe/black-bean-lasagna-i/detail.aspx;http://allrecipes.com/recipe/easy-chicken-pasta-alfredo/detail.aspx;http://allrecipes.com/recipe/easy-roasted-vegetable-lasagna/detail.aspx;http://allrecipes.com/recipe/sandys-greek-pasta-salad/detail.aspx;0;5;http://allrecipes.com/recipe/pasta-and-bean-casserole/detail.aspx,http://allrecipes.com/recipe/black-bean-lasagna-i/detail.aspx,http://allrecipes.com/recipe/easy-chicken-pasta-alfredo/detail.aspx,http://allrecipes.com/recipe/easy-roasted-vegetable-lasagna/detail.aspx,http://allrecipes.com/recipe/sandys-greek-pasta-salad/detail.aspx;http://allrecipes.com/recipe/pasta-with-clam-sauce/detail.aspx - http://allrecipes.com/recipe/alfredo-light/detail.aspx;http://allrecipes.com/recipe/alfredo-light/detail.aspx
5626677778;heztgz;09/11/2023 11:38:44;Scenario Multi-modal (Text + Image);Pasta;;93;6;16;14;False;D;8;http://allrecipes.com/recipe/sloppy-joe-mac-and-cheese/detail.aspx;;http://allrecipes.com/recipe/summer-penne-pasta/detail.aspx;http://allrecipes.com/recipe/classic-macaroni-salad-with-a-twist/detail.aspx;http://allrecipes.com/recipe/sarahs-pasta-salad/detail.aspx;http://allrecipes.com/recipe/refreshing-summer-orzo-salad/detail.aspx;http://allrecipes.com/recipe/sausage-and-zucchini-lasagna/detail.aspx;0;5;http://allrecipes.com/recipe/summer-penne-pasta/detail.aspx,http://allrecipes.com/recipe/classic-macaroni-salad-with-a-twist/detail.aspx,http://allrecipes.com/recipe/sarahs-pasta-salad/detail.aspx,http://allrecipes.com/recipe/refreshing-summer-orzo-salad/detail.aspx,http://allrecipes.com/recipe/sausage-and-zucchini-lasagna/detail.aspx;http://allrecipes.com/recipe/sloppy-joe-mac-and-cheese/detail.aspx - http://allrecipes.com/recipe/lasagna-helper/detail.aspx;http://allrecipes.com/recipe/lasagna-helper/detail.aspx
5626677778;rgvstq;13/02/2024 09:45:49;Scenario Multi-modal (Text + Image);Dessert;;484;11;413;14;False;E;10;http://allrecipes.com/recipe/scottleys-basic-yellow-cake/detail.aspx;Meat;http://allrecipes.com/recipe/butter-mochi-cake/detail.aspx;http://allrecipes.com/recipe/fresh-apple-cake-by-memom/detail.aspx;http://allrecipes.com/recipe/applesauce-cake-v/detail.aspx;http://allrecipes.com/recipe/cherry-cheese-pie-i/detail.aspx;http://allrecipes.com/recipe/amys-chocolate-chip-cookies/detail.aspx;0;5;http://allrecipes.com/recipe/butter-mochi-cake/detail.aspx,http://allrecipes.com/recipe/fresh-apple-cake-by-memom/detail.aspx,http://allrecipes.com/recipe/applesauce-cake-v/detail.aspx,http://allrecipes.com/recipe/cherry-cheese-pie-i/detail.aspx,http://allrecipes.com/recipe/amys-chocolate-chip-cookies/detail.aspx;http://allrecipes.com/recipe/scottleys-basic-yellow-cake/detail.aspx - http://allrecipes.com/recipe/floating-islands-ii/detail.aspx;http://allrecipes.com/recipe/floating-islands-ii/detail.aspx
5626677778;uhsdrk;13/02/2024 14:56:21;Scenario Multi-modal (Text + Image + Label expl.);Pasta;;41;7;6;14;False;D;8;http://allrecipes.com/recipe/grandmas-best-ever-sour-cream-lasagna/detail.aspx;;http://allrecipes.com/recipe/refreshing-summer-orzo-salad/detail.aspx;http://allrecipes.com/recipe/peppered-bacon-and-tomato-linguine/detail.aspx;http://allrecipes.com/recipe/spaghetti-with-garlic-herbs-and-tomatoes/detail.aspx;http://allrecipes.com/recipe/spicy-sesame-noodle-salad/detail.aspx;http://allrecipes.com/recipe/pasta-with-tomato-cream-sauce/detail.aspx;0;5;http://allrecipes.com/recipe/refreshing-summer-orzo-salad/detail.aspx,http://allrecipes.com/recipe/peppered-bacon-and-tomato-linguine/detail.aspx,http://allrecipes.com/recipe/spaghetti-with-garlic-herbs-and-tomatoes/detail.aspx,http://allrecipes.com/recipe/spicy-sesame-noodle-salad/detail.aspx,http://allrecipes.com/recipe/pasta-with-tomato-cream-sauce/detail.aspx;http://allrecipes.com/recipe/grandmas-best-ever-sour-cream-lasagna/detail.aspx - http://allrecipes.com/recipe/lisas-lasagne/detail.aspx;http://allrecipes.com/recipe/lisas-lasagne/detail.aspx
5626677778;jkpcfb;13/02/2024 15:47:40;Scenario Multi-modal (Text + High Image + Label expl.);Pasta;;870;7;826;14;False;D;7;http://allrecipes.com/recipe/donnas-lasagna/detail.aspx;;http://allrecipes.com/recipe/vincentes-macaroni-and-cheese/detail.aspx;http://allrecipes.com/recipe/penne-with-mango-chile-sauce/detail.aspx;http://allrecipes.com/recipe/pasta-salad-ii/detail.aspx;http://allrecipes.com/recipe/balsamic-chicken-and-pasta/detail.aspx;http://allrecipes.com/recipe/old-school-mac-n-cheese/detail.aspx;0;5;http://allrecipes.com/recipe/vincentes-macaroni-and-cheese/detail.aspx,http://allrecipes.com/recipe/penne-with-mango-chile-sauce/detail.aspx,http://allrecipes.com/recipe/pasta-salad-ii/detail.aspx,http://allrecipes.com/recipe/balsamic-chicken-and-pasta/detail.aspx,http://allrecipes.com/recipe/old-school-mac-n-cheese/detail.aspx;http://allrecipes.com/recipe/donnas-lasagna/detail.aspx - http://allrecipes.com/recipe/chicken-and-broccoli-pasta/detail.aspx;http://allrecipes.com/recipe/chicken-and-broccoli-pasta/detail.aspx
