Column1,Column2,Column3,Column4,Column5,Column6,Column7,Column8,Column9,Column10,Column11,Column12,Column13,Column14,Column15,Column16,Column17,Column18,Column19,Column20,Column21,Column22,Column23,Column24,Column25,Column26,Column27,Column28,Column29,Column30,Column31,Column32,Column33,Column34,Column35,Column35
http://allrecipes.com/recipe/raw-hummus/detail.aspx,Snack,http://images.media-allrecipes.com/userphotos/250x250/00/68/13/681355.jpg,Raw Hummus,67,"paprika,garlic,lemon juice,salt,tahini,bean",20,3.3g,10.8g,3.3g,1.6g,1.8g,0.2g,93.9mg,5,801.5,40,8.234560199625701,26.94946974422957,8.234560199625701,3.992514036,4.491578290704928,0.4990642545227698,234.31066749844044,0.238506,0.5951490954460388,699.9765439800375,A,6,Labels_MMCIS/Snack-11-Raw Hummus.jpeg,4.227272727272728,22,images/good_images/Snack-11-Raw Hummus-good.jpg,images/bad_images/Snack-11-Raw Hummus-bad.jpg,,./attractive_snacks/Raw Hummus.jpg
http://allrecipes.com/recipe/buffalo-chicken-stuffed-shells/detail.aspx,Snack,http://images.media-allrecipes.com/userphotos/250x250/01/13/22/1132257.jpg,Buffalo Chicken Stuffed Shells,698,"butter,cayenne pepper,ricotta cheese,pasta shell,cheese,salt,black pepper,chicken",6,44.4g,62.8g,2.5g,2.7g,29g,18.2g,1452.5mg,5,1870.928,312,14.238923144022642,20.13973814064464,0.8017411680192931,0.8658804614608366,9.300197549,5.836675703180452,465.8116186192093,3.68935,1.1831615112927911,937.1989942958788,D,8,Labels_MMCIS/Snack-15-Buffalo Chicken Stuffed Shells.jpeg,4.6,5,images/good_images/Snack-15-Buffalo Chicken Stuffed Shells-good.jpg,images/bad_images/Snack-15-Buffalo Chicken Stuffed Shells-bad.jpg,,./attractive_snacks/Buffalo Chicken Stuffed Shells.jpg
http://allrecipes.com/recipe/egg-roll-reuben-wraps/detail.aspx,Snack,http://images.media-allrecipes.com/userphotos/250x250/02/22/88/2228849.jpg,Egg Roll Reuben Wraps,286,"egg,sauerkraut,beef,Gruyere cheese,olive oil",10,12.1g,26.5g,1g,0.2g,14.5g,3.9g,645.1mg,5,1971.2,197,6.138392857142857,13.443587662337665,0.5073051948051948,0.1014610389610389,7.355925324675325,1.97849026,327.2625811688312,1.638554,0.831246956,607.4598214285714,B,7,Labels_MMCIS/Snack-19-Egg Roll Reuben Wraps.jpeg,0,0,images/good_images/Snack-19-Egg Roll Reuben Wraps-good.jpg,images/bad_images/Snack-19-Egg Roll Reuben Wraps-bad.jpg,,./attractive_snacks/Egg Roll Reuben Wraps.jpg
http://allrecipes.com/recipe/enchilada-meatballs/detail.aspx,Snack,http://images.media-allrecipes.com/userphotos/250x250/00/81/17/811709.jpg,Enchilada Meatballs,398,"beef,salt,enchilada sauce,tomato sauce,Mexican cheese,cornbread",6,21.2g,15.4g,1.9g,3.4g,28.1g,14g,811.6mg,5,1555,259,8.180064309,5.942122186495177,0.7331189710610931,1.3118971061093243,10.84244372990354,5.401929260450161,313.1575562700965,2.061464,0.795420193,642.9632411575562,C,8,Labels_MMCIS/Snack-20-Enchilada Meatballs.jpeg,4.24,50,images/good_images/Snack-20-Enchilada Meatballs-good.jpg,images/bad_images/Snack-20-Enchilada Meatballs-bad.jpg,,./attractive_snacks/Enchilada Meatballs.jpg
http://allrecipes.com/recipe/pork-dumplings/detail.aspx,Snack,http://images.media-allrecipes.com/userphotos/250x250/00/70/48/704866.jpg,Pork Dumplings,752,"cabbage,egg,sesame oil,soy sauce,green onion,garlic,ginger,pork",10,39.2g,81.1g,3.4g,1.2g,28.8g,8.7g,1448.8mg,5,2158.9,216,18.15739496966048,37.56542683774145,1.5748760943072864,0.5558386215202187,13.34012691648525,4.0298300060215855,671.0824957154107,3.679952,1.704549539117143,1458.3693547640005,D,8,Labels_MMCIS/Snack-26-Pork Dumplings.jpeg,4.612903225806452,62,images/good_images/Snack-26-Pork Dumplings-good.jpg,images/bad_images/Snack-26-Pork Dumplings-bad.jpg,,./attractive_snacks/Pork Dumplings.jpg
http://allrecipes.com/recipe/beef-and-salsa-dip/detail.aspx,Snack,http://images.media-allrecipes.com/userphotos/250x250/00/99/74/997481.jpg,Beef and Salsa Dip,338,"lettuce,salsa,sour cream,beef,Cheddar cheese",7,21.3g,7g,1.5g,2.9g,25.3g,14.1g,643.8mg,5,1625.7,232,9.171433843882635,3.014086239773636,0.6458756228086363,1.2486928707633635,10.893768838038998,6.071230854401181,277.20981730946664,1.635252,0.7041129359660454,609.3355969736114,C,8,Labels_MMCIS/Snack-34-Beef and Salsa Dip.jpeg,4,3,images/good_images/Snack-34-Beef and Salsa Dip-good.jpg,images/bad_images/Snack-34-Beef and Salsa Dip-bad.jpg,,./attractive_snacks/Beef and Salsa Dip.jpg
http://allrecipes.com/recipe/beef-and-sausage-fried-wontons/detail.aspx,Snack,http://images.media-allrecipes.com/userphotos/250x250/00/99/77/997794.jpg,Beef and Sausage Fried Wontons,338,"chili sauce,sausage,beef,garlic,green onion,salt,pepper,egg,vegetable oil",12,16.6g,27.6g,1.1g,3.8g,17.5g,5g,608.7mg,5,2225.361667,185,8.951353973331472,14.882974076141489,0.5931620102810011,2.0491051264252764,9.436668345379564,2.6961909558227326,328.23428696185954,1.546098,0.8337150888831231,763.0966710634905,B,7,Labels_MMCIS/Snack-35-Beef and Sausage Fried Wontons.jpeg,4,1,images/good_images/Snack-35-Beef and Sausage Fried Wontons-good.jpg,images/bad_images/Snack-35-Beef and Sausage Fried Wontons-bad.jpg,,./attractive_snacks/Beef and Sausage Fried Wontons.jpg
http://allrecipes.com/recipe/easy-fava-bean-salad/detail.aspx,Snack,http://images.media-allrecipes.com/userphotos/250x250/01/13/06/1130647.jpg,Easy Fava Bean Salad,274,"bean,lemon juice,tomato,onion,garlic,salt,olive oil,parsley",2,10.8g,41.2g,9.6g,4g,7.7g,1g,3043mg,4,687.825,344,3.140333660451423,11.979791371351723,2.7914076981790426,1.1630865409079345,2.238941591247773,0.2907716352269835,884.818086,7.729220000000001,2.247437938429106,333.5683349689237,B,6,Labels_MMCIS/Snack-42-Easy Fava Bean Salad.jpeg,4,1,images/good_images/Snack-42-Easy Fava Bean Salad-good.jpg,images/bad_images/Snack-42-Easy Fava Bean Salad-bad.jpg,,./attractive_snacks/Easy Fava Bean Salad.jpg
http://allrecipes.com/recipe/matzo-brei/detail.aspx,Snack,http://images.media-allrecipes.com/userphotos/250x250/00/81/99/819957.jpg,Matzo Brei,222,"cracker,egg,salt,pepper,vegetable oil",1,9.3g,24.4g,0g,1.4g,9.6g,2.1g,70mg,5,82.583333,83,11.261352214980231,29.545913338227702,0,1.695257322685196,11.624621641269917,2.5428859840277944,84.76286613425982,0.1778,0.2152976799810199,1125.492961152343,B,6,Labels_MMCIS/Snack-48-Matzo Brei.jpeg,4.090909090909091,11,images/good_images/Snack-48-Matzo Brei-good.jpg,images/bad_images/Snack-48-Matzo Brei-bad.jpg,,./attractive_snacks/Matzo Brei.jpg
http://allrecipes.com/recipe/prawns-of-passion/detail.aspx,Snack,http://images.media-allrecipes.com/userphotos/250x250/00/77/43/774393.jpg,Prawns of Passion,523,"tomato,parsley,garlic,shrimp,butter,garlic",6,33.1g,24g,3g,0.2g,33.7g,19.5g,395mg,5,2046,341,9.706744868035193,7.038123167155425,0.8797653958944281,0.058651026,9.882697947214076,5.718475073313783,115.8357771260997,1.0033,0.2942228739002933,642.1397067,B,7,Labels_MMCIS/Snack-51-Prawns of Passion.jpeg,5,3,images/good_images/Snack-51-Prawns of Passion-good.jpg,images/bad_images/Snack-51-Prawns of Passion-bad.jpg,,./attractive_snacks/Prawns of Passion.jpg
http://allrecipes.com/recipe/spicy-ginger-chicken-wings/detail.aspx,Snack,http://images.media-allrecipes.com/userphotos/250x250/00/87/22/872292.jpg,Spicy Ginger Chicken Wings,539,"egg,flour,margarine,vinegar,soy sauce,sugar,salt,chicken,ginger,sesame seed,chile pepper",8,15.4g,41.8g,0.9g,27.3g,34.4g,7.1g,868.2mg,5,2296.3371,287,5.365065956561866,14.562321882096494,0.3135428156432259,9.510798741177853,11.984303175696637,2.4735044345187824,302.4643028,2.2052280000000004,0.7682593291725334,786.1860351426627,C,8,Labels_MMCIS/Snack-56-Spicy Ginger Chicken Wings.jpeg,4.714285714285714,7,images/good_images/Snack-56-Spicy Ginger Chicken Wings-good.jpg,images/bad_images/Snack-56-Spicy Ginger Chicken Wings-bad.jpg,,./attractive_snacks/Spicy Ginger Chicken Wings.jpg
http://allrecipes.com/recipe/stack-of-onion-rings/detail.aspx,Snack,http://images.media-allrecipes.com/userphotos/250x250/02/21/70/2217064.jpg,Stack of Onion Rings,448,"onion,bread,cream,egg,flour,olive oil",8,9.7g,46.4g,3.4g,5.1g,25.2g,9.1g,582.5mg,5,2247.196429,281,3.453191674682925,16.51836017580286,1.2103970818476233,1.8155956227714347,8.971178371341209,3.239592189650992,207.36950005183547,1.47955,0.5267185301316621,667.7427485356687,B,7,Labels_MMCIS/Snack-57-Stack of Onion Rings.jpeg,4,6,images/good_images/Snack-57-Stack of Onion Rings-good.jpg,images/bad_images/Snack-57-Stack of Onion Rings-bad.jpg,,./attractive_snacks/Stack of Onion Rings.jpg
http://allrecipes.com/recipe/turkey-nacho-bake/detail.aspx,Snack,http://images.media-allrecipes.com/userphotos/250x250/00/22/86/228629.jpg,Turkey Nacho Bake,717,"tomato,tortilla chip,black pepper,garlic,turkey,red pepper,chive,sauce,taco seasoning,bean,Cheddar cheese,olive,green onion",6,32.8g,64.2g,9.3g,3.5g,37.7g,12.2g,1423.9mg,5,2037.965,340,9.656691847014056,18.90120782250922,2.738025432232644,1.0304396787972314,11.09930739733018,3.5918183089503493,419.2123024683938,3.6167060000000006,1.0647992482697202,883.8038729811354,B,7,Labels_MMCIS/Snack-59-Turkey Nacho Bake.jpeg,4.5,12,images/good_images/Snack-59-Turkey Nacho Bake-good.jpg,images/bad_images/Snack-59-Turkey Nacho Bake-bad.jpg,,./attractive_snacks/Turkey Nacho Bake.jpg
http://allrecipes.com/recipe/no-fuss-falafel/detail.aspx,Snack,http://images.media-allrecipes.com/userphotos/250x250/01/00/32/1003239.jpg,No-Fuss Falafel,203,"bean,parsley,onion,flour,garlic,cumin,coriander,salt,lemon juice,vegetable oil,black pepper",4,5.1g,25.4g,4.3g,0.8g,9.5g,1.2g,630.7mg,5,763.687225,191,2.671250655004737,13.303875811200063,2.2522309444157584,0.4190197105889783,4.975859063244118,0.6285295658834675,330.34466433558583,1.601978,0.8390754474123879,445.1667500395859,A,6,Labels_MMCIS/Snack-69-No-Fuss Falafel.jpeg,0,0,images/good_images/Snack-69-No-Fuss Falafel-good.jpg,images/bad_images/Snack-69-No-Fuss Falafel-bad.jpg,,./attractive_snacks/No-Fuss Falafel.jpg
http://allrecipes.com/recipe/quick-zucchini-chips/detail.aspx,Snack,http://images.media-allrecipes.com/userphotos/250x250/01/99/09/1990905.jpg,Quick Zucchini Chips,78,"olive oil,paprika,,black pepper,salt,zucchini",2,1.3g,3.9g,1.4g,1.8g,7g,1g,890.3mg,5,217,108,1.1981566820276497,3.5944700460829493,1.2903225806451613,1.6589861751152073,6.451612903225806,0.9216589861751152,820.5529953917052,2.261362,2.084204608294931,300.98654377880183,C,7,Labels_MMCIS/Snack-72-Quick Zucchini Chips.jpeg,1,3,images/good_images/Snack-72-Quick Zucchini Chips-good.jpg,images/bad_images/Snack-72-Quick Zucchini Chips-bad.jpg,,./attractive_snacks/Quick Zucchini Chips.jpg
http://allrecipes.com/recipe/won-ton-snacks/detail.aspx,Snack,http://images.media-allrecipes.com/userphotos/250x250/00/65/44/654433.jpg,Won Ton Snacks,86,"carrot,peanut sauce,pork,celery,garlic,onion,chestnut",48,4.4g,6.1g,0.5g,0.3g,4.8g,1.6g,66.9mg,5,1922,40,10.988553590010406,15.234131113423516,1.2486992715920917,0.7492195629552548,11.987513007284075,3.995837669094693,167.07596253902184,0.169926,0.4243729448491155,899.2253069719042,C,7,Labels_MMCIS/Snack-77-Won Ton Snacks.jpeg,4.56,25,images/good_images/Snack-77-Won Ton Snacks-good.jpg,images/bad_images/Snack-77-Won Ton Snacks-bad.jpg,,./attractive_snacks/Won Ton Snacks.jpg
http://allrecipes.com/recipe/bacon-wrapped-water-chestnuts-ii/detail.aspx,Snack,http://images.media-allrecipes.com/userphotos/250x250/00/75/29/752987.jpg,Bacon Wrapped Water Chestnuts II,116,"chili sauce,mayonnaise,sugar,chestnut,bacon",16,3.8g,8.5g,0.7g,5.2g,7.5g,1.8g,244.7mg,5,1093.99999,68,5.557586888094944,12.431444354949218,1.0237660057017002,7.605118899498344,10.968921489661074,2.632541157518657,357.8793451360086,0.621538,0.909013537,710.3017249570541,C,8,Labels_MMCIS/Snack-79-Bacon Wrapped Water Chestnuts II.jpeg,4.704918032786885,61,images/good_images/Snack-79-Bacon Wrapped Water Chestnuts II-good.jpg,images/bad_images/Snack-79-Bacon Wrapped Water Chestnuts II-bad.jpg,,./attractive_snacks/Bacon Wrapped Water Chestnuts II.jpg
http://allrecipes.com/recipe/chicken-won-tons/detail.aspx,Snack,http://images.media-allrecipes.com/userphotos/250x250/00/88/22/882243.jpg,Chicken Won Tons,178,chicken,12,12.5g,18.9g,0.6g,0g,5.2g,1.4g,212.2mg,5,846,70,17.73049645390071,26.80851063829787,0.8510638297872339,0,7.375886524822696,1.9858156028368792,300.9929078014185,0.538988,0.7645219858156029,1057.0927659574468,B,7,Labels_MMCIS/Snack-82-Chicken Won Tons.jpeg,4,5,images/good_images/Snack-82-Chicken Won Tons-good.jpg,images/bad_images/Snack-82-Chicken Won Tons-bad.jpg,,./attractive_snacks/Chicken Won Tons.jpg
http://allrecipes.com/recipe/crab-fritters/detail.aspx,Snack,http://images.media-allrecipes.com/userphotos/250x250/00/06/47/64729.jpg,Crab Fritters,294,"mustard,crabmeat,egg,milk,olive oil,chive,lemon juice,garlic,horseradish,mayonnaise",5,24.9g,21g,0.4g,3.3g,11.9g,1.9g,991.2mg,5,1435.72192,287,8.671595680589734,7.313393947485318,0.1393027418568632,1.1492476203191215,4.14425657,0.6616880238201003,345.19219432130706,2.5176480000000003,0.876788174,428.67604891064144,A,6,Labels_MMCIS/Snack-83-Crab Fritters.jpeg,5,5,images/good_images/Snack-83-Crab Fritters-good.jpg,images/bad_images/Snack-83-Crab Fritters-bad.jpg,,./attractive_snacks/Crab Fritters.jpg
http://allrecipes.com/recipe/easy-roasted-chickpeas/detail.aspx,Snack,http://images.media-allrecipes.com/userphotos/250x250/01/94/76/1947697.jpg,Easy Roasted Chickpeas,158,"salt,olive oil,chickpea",12,7.3g,22.9g,6.6g,4g,4.5g,0.6g,42.4mg,5,482,40,18.17427385892116,57.01244813278007,16.431535269709542,9.958506224,11.203319502074688,1.4937759336099583,105.56016597510374,0.107696,0.2681228215767635,1646.923817427386,A,6,Labels_MMCIS/Snack-85-Easy Roasted Chickpeas.jpeg,4,1,images/good_images/Snack-85-Easy Roasted Chickpeas-good.jpg,images/bad_images/Snack-85-Easy Roasted Chickpeas-bad.jpg,,./attractive_snacks/Easy Roasted Chickpeas.jpg
http://allrecipes.com/recipe/baked-cream-cheese-wontons/detail.aspx,Snack,http://images.media-allrecipes.com/userphotos/250x250/01/12/55/1125591.jpg,Baked Cream Cheese Wontons,120,cream cheese,4,3.4g,14.3g,0.4g,0g,5.4g,3.2g,181.1mg,5,159.178333,40,8.543876383,35.934538904864645,1.0051619274088013,0,13.569686020018816,8.041295419,455.0870626343348,0.4599939999999999,1.155921139,1262.5235873025506,D,8,Labels_MMCIS/Snack-98-Baked Cream Cheese Wontons.jpeg,5,1,images/good_images/Snack-98-Baked Cream Cheese Wontons-good.jpg,images/bad_images/Snack-98-Baked Cream Cheese Wontons-bad.jpg,,./attractive_snacks/Baked Cream Cheese Wontons.jpg
http://allrecipes.com/recipe/best-ever-jalapeno-poppers/detail.aspx,Snack,http://images.media-allrecipes.com/userphotos/250x250/00/96/36/963639.jpg,Best Ever Jalapeno Poppers,149,"bacon,olive oil,bread,flour,milk,jalapeno pepper,Cheddar cheese,cream cheese",32,3.9g,6.8g,0.5g,1g,12g,4.7g,109.8mg,5,3144.2,98,3.9692131543794926,6.920679346097577,0.5088734813307042,1.0177469626614084,12.21296355,4.783410724508619,111.74861650022262,0.278892,0.2838414859105655,634.9043445073469,C,6,Labels_MMCIS/Snack-100-Best Ever Jalapeno Poppers.jpeg,4.642512077294686,207,images/good_images/Snack-100-Best Ever Jalapeno Poppers-good.jpg,images/bad_images/Snack-100-Best Ever Jalapeno Poppers-bad.jpg,,./attractive_snacks/Best Ever Jalapeno Poppers.jpg
http://allrecipes.com/recipe/fresh-and-simple-peach-salsa-with-cinnamon-sugar-chips/detail.aspx,Snack,http://images.media-allrecipes.com/userphotos/250x250/01/34/65/1346587.jpg,Fresh and Simple Peach Salsa with Cinnamon Sugar Chips,294,"Salsa,cinnamon,sugar,butter,flour,lemon juice,lime juice,cardamom,jalapeno pepper,cilantro,red onion,tomato,peach",8,5.7g,45g,2.5g,6.6g,10.2g,4.7g,338.8mg,5,1824.21806,228,2.499701159630006,19.73448283918426,1.0963601577324589,2.894390816413692,4.473149443548432,2.0611570965370225,148.5787285759028,0.860552,0.3773899705827931,539.8123073071647,B,7,Labels_MMCIS/Snack-105-Fresh and Simple Peach Salsa with Cinnamon Sugar Chips.jpeg,4,1,images/good_images/Snack-105-Fresh and Simple Peach Salsa with Cinnamon Sugar Chips-good.jpg,images/bad_images/Snack-105-Fresh and Simple Peach Salsa with Cinnamon Sugar Chips-bad.jpg,,./attractive_snacks/Fresh and Simple Peach Salsa with Cinnamon Sugar Chips.jpg
http://allrecipes.com/recipe/southwest-style-egg-rolls/detail.aspx,Snack,http://images.media-allrecipes.com/userphotos/250x250/02/26/11/2261141.jpg,Southwest-Style Egg Rolls,358,"green onion,vegetable oil,egg,cheese,cumin,salt,lime juice,bean,corn,spinach,olive oil",8,11.6g,34.4g,2.2g,1g,19.8g,5.9g,565mg,5,1931.7,241,4.804058601232075,14.246518610550291,0.9111145623026352,0.4141429828648341,8.200031060723715,2.443443598902521,233.99078531863125,1.4350999999999998,0.5943365947093233,620.7483149557385,A,7,Labels_MMCIS/Snack-111-Southwest-Style Egg Rolls.jpeg,4.463414634146342,41,images/good_images/Snack-111-Southwest-Style Egg Rolls-good.jpg,images/bad_images/Snack-111-Southwest-Style Egg Rolls-bad.jpg,,./attractive_snacks/Southwest-Style Egg Rolls.jpg
http://allrecipes.com/recipe/sugar-spiced-almonds-2/detail.aspx,Snack,http://images.media-allrecipes.com/userphotos/250x250/00/95/39/953913.jpg,Sugar Spiced Almonds,197,"olive oil,cayenne pepper,cinnamon,almond,sugar,paprika",16,6.1g,12.2g,3.6g,7.6g,15.2g,1.2g,0.4mg,6,575.7053125,36,16.953117833179626,33.90623566635925,10.005118721220764,21.121917300354944,42.24383460070989,3.3350395737402545,1.1116798579134182,0.001016,0.002823667,2292.2827553376105,C,8,Labels_MMCIS/Snack-113-Sugar Spiced Almonds.jpeg,3,1,images/good_images/Snack-113-Sugar Spiced Almonds-good.jpg,images/bad_images/Snack-113-Sugar Spiced Almonds-bad.jpg,,./attractive_snacks/Sugar Spiced Almonds.jpg
http://allrecipes.com/recipe/deviled-eggs-with-dill-and-prosciutto/detail.aspx,Snack,http://images.media-allrecipes.com/userphotos/250x250/01/10/75/1107517.jpg,Deviled Eggs with Dill and Prosciutto,77,"dill,egg,mayonnaise,mustard,ham,cucumber,paprika,black pepper",24,3.5g,1.7g,0.1g,0.6g,6.4g,1.4g,136mg,5,1291,54,6.506584043377227,3.1603408210689383,0.1859024012393493,1.115414407436096,11.89775367931836,2.6026336173508904,252.8272656855151,0.34544,0.6421812548412085,599.3188536,C,7,Labels_MMCIS/Snack-122-Deviled Eggs with Dill and Prosciutto.jpeg,0,0,images/good_images/Snack-122-Deviled Eggs with Dill and Prosciutto-good.jpg,images/bad_images/Snack-122-Deviled Eggs with Dill and Prosciutto-bad.jpg,,./attractive_snacks/Deviled Eggs with Dill and Prosciutto.jpg
http://allrecipes.com/recipe/deviled-eggs/detail.aspx,Snack,http://images.media-allrecipes.com/userphotos/250x250/00/01/27/12770.jpg,Deviled Eggs,77,"salad dressing,mustard,egg,paprika,salt,pepper",8,6.3g,0.7g,0.1g,0.6g,5.5g,1.6g,88.3mg,5,417.56975,52,12.069839829154292,1.3410933143504769,0.1915847591929252,1.1495085551575517,10.537161755610889,3.065356147086804,169.1693424,0.224282,0.4296901296130766,617.6378437374834,B,7,Labels_MMCIS/Snack-123-Deviled Eggs.jpeg,4.2727272727272725,33,images/good_images/Snack-123-Deviled Eggs-good.jpg,images/bad_images/Snack-123-Deviled Eggs-bad.jpg,,./attractive_snacks/Deviled Eggs.jpg
http://allrecipes.com/recipe/egg-rolls/detail.aspx,Snack,http://images.media-allrecipes.com/userphotos/250x250/00/73/45/734538.jpg,Egg Rolls,275,"green onion,bean,beef,shrimp,soy sauce,oyster sauce,vegetable oil,garlic,cabbage,celery",12,20.5g,29.2g,2.9g,3.8g,8.4g,2.5g,751.1mg,5,3190,266,7.711598746081504,10.984326018808778,1.0909090909090908,1.429467084639498,3.1598746081504707,0.9404388714733544,282.54545454545456,1.907794,0.7176654545454546,433.1172413793103,A,6,Labels_MMCIS/Snack-124-Egg Rolls.jpeg,4.25,16,images/good_images/Snack-124-Egg Rolls-good.jpg,images/bad_images/Snack-124-Egg Rolls-bad.jpg,,./attractive_snacks/Egg Rolls.jpg
http://allrecipes.com/recipe/gorgonzola-bread/detail.aspx,Snack,http://images.media-allrecipes.com/userphotos/250x250/00/02/57/25719.jpg,Gorgonzola Bread,357,"baguette,walnut,Gorgonzola cheese,pear,olive oil,butter",10,12.1g,32.4g,2.9g,4.7g,20.5g,5.7g,519.8mg,5,1184,118,10.219594594594597,27.364864864864863,2.449324324324324,3.9695945945945934,17.31418918918919,4.8141891891891895,439.0202702702703,1.3202919999999998,1.1151114864864864,1262.4050675675676,C,7,Labels_MMCIS/Snack-127-Gorgonzola Bread.jpeg,4.666666666666667,6,images/good_images/Snack-127-Gorgonzola Bread-good.jpg,images/bad_images/Snack-127-Gorgonzola Bread-bad.jpg,,./attractive_snacks/Gorgonzola Bread.jpg
http://allrecipes.com/recipe/grilled-bell-peppers-with-goat-cheese/detail.aspx,Snack,http://images.media-allrecipes.com/userphotos/250x250/00/42/47/424728.jpg,Grilled Bell Peppers with Goat Cheese,92,"green pepper,garlic,lemon,olive oil,cheese",6,2.9g,2.5g,0.7g,1.3g,8.1g,3.1g,292.3mg,5,344.0125,57,5.057955742887249,4.360306674902802,1.2208858689727844,2.267359470949457,14.127393626685077,5.406780276879474,509.8070564296355,0.742442,1.2949099233312744,671.8109371025762,D,8,Labels_MMCIS/Snack-128-Grilled Bell Peppers with Goat Cheese.jpeg,4.4,5,images/good_images/Snack-128-Grilled Bell Peppers with Goat Cheese-good.jpg,images/bad_images/Snack-128-Grilled Bell Peppers with Goat Cheese-bad.jpg,,./attractive_snacks/Grilled Bell Peppers with Goat Cheese.jpg
http://allrecipes.com/recipe/stuffed-celery/detail.aspx,Snack,http://images.media-allrecipes.com/userphotos/250x250/00/20/63/206355.jpg,Stuffed Celery,121,"celery,cream cheese,walnut,olive,sour cream",16,1.7g,1.8g,0.6g,0.6g,7.1g,3.5g,186.7mg,5,904.8,57,3.006189213085765,3.1830238726790454,1.0610079575596818,1.0610079575596818,12.55526083,6.189213086,330.1503094606543,0.474218,0.8385817860300618,895.8493368700265,C,8,Labels_MMCIS/Snack-132-Stuffed Celery.jpeg,4.333333333333333,6,images/good_images/Snack-132-Stuffed Celery-good.jpg,images/bad_images/Snack-132-Stuffed Celery-bad.jpg,,./attractive_snacks/Stuffed Celery.jpg
http://allrecipes.com/recipe/chicken-lettuce-wraps/detail.aspx,Snack,http://images.media-allrecipes.com/userphotos/250x250/02/18/45/2184542.jpg,Chicken Lettuce Wraps,292,"pepper sauce,peanut butter,sesame oil,ginger,vinegar,soy sauce,red pepper,chicken,cilantro,lettuce,carrot,green onion",6,33.8g,10.7g,3.2g,4.4g,13.1g,2.2g,1892.9mg,5,1422.401632,237,14.257576442375736,4.513493134124862,1.3498297223550992,1.8560158682382613,5.525865425891187,0.9280079341191306,798.4664629518647,4.807966,2.028104815897737,515.6963712,C,7,Labels_MMCIS/Snack-138-Chicken Lettuce Wraps.jpeg,3.75,4,images/good_images/Snack-138-Chicken Lettuce Wraps-good.jpg,images/bad_images/Snack-138-Chicken Lettuce Wraps-bad.jpg,,./attractive_snacks/Chicken Lettuce Wraps.jpg
http://allrecipes.com/recipe/corn-fritters/detail.aspx,Snack,http://images.media-allrecipes.com/userphotos/250x250/00/01/91/19130.jpg,Corn Fritters,133,"egg,sugar,salt,flour,olive oil,milk,corn",4,8.1g,41.9g,2.5g,0g,6.1g,1.8g,617.7mg,5,1318.034524,330,2.458205715406587,12.71590363895506,0.7587054677180823,0,1.851241341232121,0.5462679367570193,187.46094696378373,1.568958,0.4761508052880108,168.99235637927796,A,5,Labels_MMCIS/Snack-139-Corn Fritters.jpeg,4.44,175,images/good_images/Snack-139-Corn Fritters-good.jpg,images/bad_images/Snack-139-Corn Fritters-bad.jpg,,./attractive_snacks/Corn Fritters.jpg
http://allrecipes.com/recipe/creamy-guacamole-with-garlic/detail.aspx,Snack,http://images.media-allrecipes.com/userphotos/250x250/01/01/08/1010852.jpg,Creamy Guacamole with Garlic,109,"lime juice,avocado,salsa,cream cheese,garlic,salt,pepper sauce",9,1.9g,5.3g,3.2g,0.8g,9.9g,3g,253.6mg,5,645.380417,72,2.649600073006244,7.390989677333207,4.462484333,1.115621083,13.805810906716744,4.183579062641438,353.65188342862285,0.6441439999999999,0.8982757839087019,636.4077204406404,C,7,Labels_MMCIS/Snack-141-Creamy Guacamole with Garlic.jpeg,5,2,images/good_images/Snack-141-Creamy Guacamole with Garlic-good.jpg,images/bad_images/Snack-141-Creamy Guacamole with Garlic-bad.jpg,,./attractive_snacks/Creamy Guacamole with Garlic.jpg
http://allrecipes.com/recipe/easy-corn-fritters/detail.aspx,Snack,http://images.media-allrecipes.com/userphotos/250x250/00/34/00/340033.jpg,Easy Corn Fritters,143,"vegetable oil,corn,milk,potato,black pepper,egg",12,2.8g,16.3g,1.2g,1.1g,8.1g,1.2g,337.6mg,5,1942,162,1.730175077239959,10.072090628218334,0.7415036045314108,0.6797116374871267,5.005149330587023,0.7415036045314108,208.6096807415036,0.857504,0.5298685890834193,369.9561688980433,B,6,Labels_MMCIS/Snack-142-Easy Corn Fritters.jpeg,3,3,images/good_images/Snack-142-Easy Corn Fritters-good.jpg,images/bad_images/Snack-142-Easy Corn Fritters-bad.jpg,,./attractive_snacks/Easy Corn Fritters.jpg
http://allrecipes.com/recipe/grilled-portobello-and-mozzarella/detail.aspx,Snack,http://images.media-allrecipes.com/userphotos/250x250/01/99/17/1991797.jpg,Grilled Portobello and Mozzarella,347,"oregano,basil,mozzarella cheese,mushroom,salad dressing,marinara sauce,red pepper",4,18.7g,25.7g,4.9g,13.6g,19.8g,7.6g,1883.3mg,5,1371.7798667000002,343,5.452769924371422,7.493913746,1.428800675370052,3.9656508540883073,5.773521096393271,2.216099006696407,549.1551657,4.783582,1.3948541208751069,423.6305358511936,C,7,Labels_MMCIS/Snack-144-Grilled Portobello and Mozzarella.jpeg,4.833333333333333,12,images/good_images/Snack-144-Grilled Portobello and Mozzarella-good.jpg,images/bad_images/Snack-144-Grilled Portobello and Mozzarella-bad.jpg,,./attractive_snacks/Grilled Portobello and Mozzarella.jpg
http://allrecipes.com/recipe/new-years-eve-chicken-wings/detail.aspx,Snack,http://images.media-allrecipes.com/userphotos/250x250/00/94/73/947314.jpg,New Year's Eve Chicken Wings,308,"sauce,carrot,celery,blue cheese,salad dressing,vegetable oil,chicken",20,9.5g,6.6g,0.9g,2.1g,27.6g,5.1g,654.3mg,5,5646.266,282,3.365055773142817,2.3378282213413257,0.3187947574556353,0.743854434,9.776372561972815,1.806503625581933,231.7637886702469,1.661922,0.588680023,456.7742291985536,A,7,Labels_MMCIS/Snack-149-New Year^s Eve Chicken Wings.jpeg,5,1,images/good_images/Snack-149-New Year's Eve Chicken Wings-good.jpg,images/bad_images/Snack-149-New Year's Eve Chicken Wings-bad.jpg,,./attractive_snacks/New Year's Eve Chicken Wings.jpg
http://allrecipes.com/recipe/okra-patties/detail.aspx,Snack,http://images.media-allrecipes.com/userphotos/250x250/01/38/40/1384032.jpg,Okra Patties,224,"onion,flour,egg,cornmeal,pepper,salt,okra,vegetable oil",6,4.8g,25.1g,3.7g,2.9g,12.3g,1.7g,467.1mg,5,1591.1178570000002,265,1.810048191797774,9.465043669609196,1.3952454811774513,1.0935707825444885,4.638248491481797,0.641058735,176.1403146643209,1.186434,0.447396399,353.6544559062164,A,6,Labels_MMCIS/Snack-150-Okra Patties.jpeg,4.352941176470588,17,images/good_images/Snack-150-Okra Patties-good.jpg,images/bad_images/Snack-150-Okra Patties-bad.jpg,,./attractive_snacks/Okra Patties.jpg
http://allrecipes.com/recipe/easy-mini-bagel-pizzas/detail.aspx,Snack,http://images.media-allrecipes.com/userphotos/250x250/02/04/62/2046272.jpg,Easy Mini Bagel Pizzas,232,"bagel,pizza sauce,pizza cheese,pepperoni",4,13.9g,30.3g,1.4g,0.5g,5.8g,2.8g,787.7mg,5,383.26667,96,14.506870633963551,31.622890662524867,1.4611236609747462,0.5218298789195522,6.053226595466806,2.9222473219494924,822.0907912498627,2.0007580000000003,2.088110609774651,1013.7459643960168,D,8,Labels_MMCIS/Snack-163-Easy Mini Bagel Pizzas.jpeg,5,2,images/good_images/Snack-163-Easy Mini Bagel Pizzas-good.jpg,images/bad_images/Snack-163-Easy Mini Bagel Pizzas-bad.jpg,,./attractive_snacks/Easy Mini Bagel Pizzas.jpg
http://allrecipes.com/recipe/jens-nachos/detail.aspx,Snack,http://images.media-allrecipes.com/userphotos/250x250/00/08/25/82513.jpg,Jen's Nachos,1355,"tortilla chip,beef,Cheddar cheese,barbecue sauce,tomato,corn",4,44.9g,123.7g,8.2g,35.5g,76.8g,28.4g,2648.2mg,5,2290.8,573,7.840055875676619,21.59944124,1.4318142133752398,6.198707874978173,13.410162388685174,4.958966299982539,462.4061463244281,6.726427999999999,1.1745116116640473,990.5908852802512,D,8,Labels_MMCIS/Snack-165-Jen^s Nachos.jpeg,3.875,8,images/good_images/Snack-165-Jen's Nachos-good.jpg,images/bad_images/Snack-165-Jen's Nachos-bad.jpg,,./attractive_snacks/Jen's Nachos.jpg
http://allrecipes.com/recipe/maryland-crab-cakes-ii/detail.aspx,Snack,http://images.media-allrecipes.com/userphotos/250x250/00/22/21/222154.jpg,Maryland Crab Cakes II,211,"mustard,pepper sauce,mayonnaise,egg,salt,pepper,parsley,bread,crabmeat",4,20.1g,2.6g,0.2g,0.3g,13g,2.5g,372.6mg,5,539.6911890000001,135,14.897408302880407,1.9270279396760723,0.1482329184366209,0.2223493776549314,9.635139698380362,1.8529114804577616,276.1579270474249,0.946404,0.7014411347004592,654.75577,B,7,Labels_MMCIS/Snack-167-Maryland Crab Cakes II.jpeg,4.0212765957446805,47,images/good_images/Snack-167-Maryland Crab Cakes II-good.jpg,images/bad_images/Snack-167-Maryland Crab Cakes II-bad.jpg,,./attractive_snacks/Maryland Crab Cakes II.jpg
http://allrecipes.com/recipe/broccoli-ham-ring/detail.aspx,Snack,http://images.media-allrecipes.com/userphotos/250x250/00/03/90/39037.jpg,Broccoli Ham Ring,316,"green onion,broccoli,ham,parsley,Swiss cheese,mustard,lemon juice,roll",8,11g,27.4g,1.2g,5.1g,17.3g,5.9g,759.5mg,5,1074.524449,134,8.189669400440046,20.399721961096112,0.89341848,3.7970285402040207,12.88011642069207,4.392640860236024,565.4594463,1.92913,1.4362669936791732,985.0153162964464,D,7,Labels_MMCIS/Snack-178-Broccoli Ham Ring.jpeg,4.647058823529412,17,images/good_images/Snack-178-Broccoli Ham Ring-good.jpg,images/bad_images/Snack-178-Broccoli Ham Ring-bad.jpg,,./attractive_snacks/Broccoli Ham Ring.jpg
http://allrecipes.com/recipe/cream-cheese-won-tons/detail.aspx,Snack,http://images.media-allrecipes.com/userphotos/250x250/00/02/15/21594.jpg,Cream Cheese Won Tons,152,"wrapper,vegetable oil,black pepper,paprika,green onion,clam,chestnut,cream cheese",25,5g,12.3g,0.8g,0.5g,9.3g,4.3g,152.7mg,5,2166.980833,87,5.768394352937039,14.190250108225117,0.9229430964699264,0.576839435,10.729213496462895,4.960819143525854,176.1667635386972,0.387858,0.4474635793882909,734.1938496970547,C,7,Labels_MMCIS/Snack-179-Cream Cheese Won Tons.jpeg,4.466666666666667,15,images/good_images/Snack-179-Cream Cheese Won Tons-good.jpg,images/bad_images/Snack-179-Cream Cheese Won Tons-bad.jpg,,./attractive_snacks/Cream Cheese Won Tons.jpg
http://allrecipes.com/recipe/fabulous-and-easy-guacamole/detail.aspx,Snack,http://images.media-allrecipes.com/userphotos/250x250/00/83/35/833524.jpg,Fabulous and Easy Guacamole,45,"taco sauce,garlic,shallot,avocado",16,0.5g,3.1g,1.7g,0.2g,3.7g,0.5g,69.4mg,5,598,37,1.3377926421404682,8.294314381270903,4.548494983277592,0.5351170568561873,9.899665551839464,1.3377926421404682,185.6856187,0.176276,0.4716414715719064,504.09632107023407,A,6,Labels_MMCIS/Snack-180-Fabulous and Easy Guacamole.jpeg,3.5,4,images/good_images/Snack-180-Fabulous and Easy Guacamole-good.jpg,images/bad_images/Snack-180-Fabulous and Easy Guacamole-bad.jpg,,./attractive_snacks/Fabulous and Easy Guacamole.jpg
http://allrecipes.com/recipe/healthier-double-tomato-bruschetta/detail.aspx,Snack,http://images.media-allrecipes.com/userphotos/250x250/00/94/74/947411.jpg,Healthier Double Tomato Bruschetta,158,"garlic,olive oil,balsamic vinegar,bread,tomato,basil,salt,black pepper,mozzarella cheese",12,8g,19.6g,3.5g,4.4g,5.5g,1.6g,314.9mg,5,1029.53667,86,9.324582873,22.84522803835632,4.079505006849344,5.128520580039175,6.410650725048968,1.864916575,367.03889333053087,0.799846,0.9322787890595484,771.0432305436968,B,8,Labels_MMCIS/Snack-181-Healthier Double Tomato Bruschetta.jpeg,5,1,images/good_images/Snack-181-Healthier Double Tomato Bruschetta-good.jpg,images/bad_images/Snack-181-Healthier Double Tomato Bruschetta-bad.jpg,,./attractive_snacks/Healthier Double Tomato Bruschetta.jpg
http://allrecipes.com/recipe/hummus-stuffed-portobello-caps/detail.aspx,Snack,http://images.media-allrecipes.com/userphotos/250x250/00/65/51/655146.jpg,Hummus-Stuffed Portobello Caps,198,"lemon,pepper seasoning,salt,pepper,hummus,green pepper,cream cheese,mushroom,olive oil",6,5.5g,12.6g,3g,3.5g,15g,4.9g,424.6mg,5,1068.754167,178,3.0877072594375203,7.073656630711409,1.6842039596931928,1.9649046196420583,8.421019798465965,2.7508664674988816,238.3710004285766,1.078484,0.6054623410885845,465.3940591372683,B,7,Labels_MMCIS/Snack-184-Hummus-Stuffed Portobello Caps.jpeg,4,5,images/good_images/Snack-184-Hummus-Stuffed Portobello Caps-good.jpg,images/bad_images/Snack-184-Hummus-Stuffed Portobello Caps-bad.jpg,,./attractive_snacks/Hummus-Stuffed Portobello Caps.jpg
http://allrecipes.com/recipe/chef-johns-shrimp-cocktail/detail.aspx,Snack,http://images.media-allrecipes.com/userphotos/250x250/02/20/02/2200270.jpg,Chef John's Shrimp Cocktail,306,"bay,tarragon,seafood seasoning,chili sauce,ketchup,garlic,lemon,onion,horseradish,lemon juice,Worcestershire sauce,salt,peppercorns,shrimp",4,47.7g,18.9g,1.7g,10.4g,4.3g,0.8g,1414.9mg,4,4114.359783,1029,4.637416513460024,1.8374669204275564,0.1652748023664998,1.0110929085950575,0.4180480295152642,0.077776378,137.55724580491798,3.593846,0.3493954043444917,124.55505765865104,A,5,Labels_MMCIS/Snack-188-Chef John^s Shrimp Cocktail.jpeg,4.75,4,images/good_images/Snack-188-Chef John's Shrimp Cocktail-good.jpg,images/bad_images/Snack-188-Chef John's Shrimp Cocktail-bad.jpg,,./attractive_snacks/Chef John's Shrimp Cocktail.jpg
http://allrecipes.com/recipe/chicken-and-sun-dried-tomato-bruschetta/detail.aspx,Snack,http://images.media-allrecipes.com/userphotos/250x250/00/09/67/96717.jpg,Chicken and Sun-Dried Tomato Bruschetta,389,"feta cheese,spinach,salad dressing,chicken,bread,olive oil,tomato",8,13.5g,34.3g,2.1g,4.8g,22.2g,4.8g,1124.4mg,5,1257.76364,157,8.586668954748921,21.816499640584293,1.33570406,3.0530378505773945,14.12030005892045,3.0530378505773945,715.1741164977548,2.855976,1.8165422559042967,1035.911771149625,D,8,Labels_MMCIS/Snack-189-Chicken and Sun-Dried Tomato Bruschetta.jpeg,4.826086956521739,46,images/good_images/Snack-189-Chicken and Sun-Dried Tomato Bruschetta-good.jpg,images/bad_images/Snack-189-Chicken and Sun-Dried Tomato Bruschetta-bad.jpg,,./attractive_snacks/Chicken and Sun-Dried Tomato Bruschetta.jpg
http://allrecipes.com/recipe/cottage-cheese-croquettes/detail.aspx,Snack,http://images.media-allrecipes.com/userphotos/250x250/02/36/64/2366411.jpg,Cottage Cheese Croquettes,262,"wheat germ,poultry seasoning,soy sauce,sage,thyme,mushroom,pecan,bread,cottage cheese,onion,vegetable oil",6,12.7g,31.6g,4.1g,3.8g,10g,2.2g,644.2mg,5,864.3851966000001,144,8.815514229041343,21.934665325803664,2.845953412525158,2.637712918925756,6.941349786646727,1.527096953,447.1617532557822,1.636268,1.1357908532696868,761.4255341123919,A,7,Labels_MMCIS/Snack-190-Cottage Cheese Croquettes.jpeg,4,1,images/good_images/Snack-190-Cottage Cheese Croquettes-good.jpg,images/bad_images/Snack-190-Cottage Cheese Croquettes-bad.jpg,,./attractive_snacks/Cottage Cheese Croquettes.jpg
http://allrecipes.com/recipe/daryls-mexican-dip/detail.aspx,Snack,http://images.media-allrecipes.com/userphotos/250x250/00/50/50/505080.jpg,Daryl's Mexican Dip,65,"Cheddar cheese,olive,tomato,salsa,green onion,sour cream,cream cheese",64,1.9g,2g,0.5g,0.5g,5.7g,3.3g,115.5mg,5,2612.2000000000003,41,4.655080009187658,4.900084220197535,1.2250210550493836,1.2250210550493836,13.965240027562972,8.085138963325932,282.9798637164076,0.29337,0.7187688538396754,666.7593599264986,D,8,Labels_MMCIS/Snack-192-Daryl^s Mexican Dip.jpeg,4.230769230769231,13,images/good_images/Snack-192-Daryl's Mexican Dip-good.jpg,images/bad_images/Snack-192-Daryl's Mexican Dip-bad.jpg,,./attractive_snacks/Daryl's Mexican Dip.jpg
http://allrecipes.com/recipe/fried-razor-clams/detail.aspx,Snack,http://images.media-allrecipes.com/userphotos/250x250/00/66/93/669337.jpg,Fried Razor Clams,215,"cracker,clam,egg,garlic,paprika,cayenne pepper,black pepper,olive oil",4,7.6g,25g,1.2g,0.5g,9.2g,1.7g,405.3mg,5,518.764375,130,5.860078576135843,19.276574263604743,0.9252755646530276,0.3855314852720949,7.093779329006545,1.3108070499251223,312.51182196156014,1.029462,0.7937800277823628,694.0815857,B,6,Labels_MMCIS/Snack-194-Fried Razor Clams.jpeg,4.636363636363637,11,images/good_images/Snack-194-Fried Razor Clams-good.jpg,images/bad_images/Snack-194-Fried Razor Clams-bad.jpg,,./attractive_snacks/Fried Razor Clams.jpg
http://allrecipes.com/recipe/greek-artichoke-appetizer/detail.aspx,Snack,http://images.media-allrecipes.com/userphotos/250x250/00/85/57/855793.jpg,Greek Artichoke Appetizer,59,"egg,salt,black pepper,oregano,pepper sauce,Cheddar cheese,parsley,Parmesan cheese,bread,garlic,onion,artichoke",36,3.5g,2g,0.4g,0.2g,4.2g,2.2g,124.7mg,5,992.08834,28,12.70048189458612,7.257418225477783,1.4514836450955566,0.7257418225477783,15.240578273503347,7.983160048025562,452.5000263585398,0.316738,1.1493500669506913,896.3680794796962,D,8,Labels_MMCIS/Snack-196-Greek Artichoke Appetizer.jpeg,4,1,images/good_images/Snack-196-Greek Artichoke Appetizer-good.jpg,images/bad_images/Snack-196-Greek Artichoke Appetizer-bad.jpg,,./attractive_snacks/Greek Artichoke Appetizer.jpg
http://allrecipes.com/recipe/jalapeno-popper-mushrooms/detail.aspx,Snack,http://images.media-allrecipes.com/userphotos/250x250/00/69/94/699443.jpg,Jalapeno Popper Mushrooms,151,"Cheddar cheese,cream cheese,jalapeno pepper,garlic,black pepper,salt,bacon,mushroom,olive oil",4,6.1g,2.5g,0.5g,0.8g,13.4g,6.9g,287.7mg,5,336.410543,84,7.253042601581009,2.972558443270905,0.594511689,0.9512187018466896,15.932913255932052,8.204261303427698,342.08202565161577,0.730758,0.868888345,751.7086644933123,D,8,Labels_MMCIS/Snack-198-Jalapeno Popper Mushrooms.jpeg,4.923076923076923,26,images/good_images/Snack-198-Jalapeno Popper Mushrooms-good.jpg,images/bad_images/Snack-198-Jalapeno Popper Mushrooms-bad.jpg,,./attractive_snacks/Jalapeno Popper Mushrooms.jpg
http://allrecipes.com/recipe/pear-and-blue-cheese-tarts/detail.aspx,Snack,http://images.media-allrecipes.com/userphotos/250x250/00/97/24/972465.jpg,Pear and Blue Cheese Tarts,197,"butter,tart shell,blue cheese,pear,onion,walnut",30,4.4g,20.2g,1.1g,6.2g,11.2g,3.5g,200.7mg,5,2219.95,74,5.9460798666636645,27.29791211513773,1.486519966665916,8.378567084844255,15.135476024234782,4.7298362575733695,271.22232482713576,0.509778,0.6889047050609248,1114.6191580891464,C,8,Labels_MMCIS/Snack-199-Pear and Blue Cheese Tarts.jpeg,4,1,images/good_images/Snack-199-Pear and Blue Cheese Tarts-good.jpg,images/bad_images/Snack-199-Pear and Blue Cheese Tarts-bad.jpg,,./attractive_snacks/Pear and Blue Cheese Tarts.jpg
http://allrecipes.com/recipe/pizza-rolls/detail.aspx,Snack,http://images.media-allrecipes.com/userphotos/250x250/00/40/13/401300.jpg,Pizza Rolls,437,"roll,mozzarella cheese,pepperoni,pizza sauce,egg,canola oil",10,13g,27.3g,1.4g,1.6g,30.3g,7g,913.4mg,5,3031.355,303,4.288511243321881,9.005873611,0.461839672,0.5278167684088468,9.995530051742538,2.309198361788705,301.3173976654005,2.320036,0.7653461900701172,603.5688990566924,B,7,Labels_MMCIS/Snack-200-Pizza Rolls.jpeg,4.476190476190476,21,images/good_images/Snack-200-Pizza Rolls-good.jpg,images/bad_images/Snack-200-Pizza Rolls-bad.jpg,,./attractive_snacks/Pizza Rolls.jpg
http://allrecipes.com/recipe/sausage-filled-stars-2/detail.aspx,Snack,http://images.media-allrecipes.com/userphotos/250x250/02/01/88/2018862.jpg,Sausage-Filled Stars,337,"red pepper,sausage,Colby cheese,green onion,green pepper,salad dressing,wonton",12,13.8g,24.7g,1.4g,1.2g,20g,7.5g,763.9mg,5,1588,132,10.428211586901766,18.66498740554156,1.0579345088161207,0.9068010075566748,15.113350125944583,5.667506297229219,577.2544080604534,1.940306,1.4662261964735517,1066.2102770780857,D,8,Labels_MMCIS/Snack-203-Sausage-Filled Stars.jpeg,0,0,images/good_images/Snack-203-Sausage-Filled Stars-good.jpg,images/bad_images/Snack-203-Sausage-Filled Stars-bad.jpg,,./attractive_snacks/Sausage-Filled Stars.jpg
http://allrecipes.com/recipe/summer-corn-dip/detail.aspx,Snack,http://images.media-allrecipes.com/userphotos/250x250/01/05/40/1054048.jpg,Summer Corn Dip,36,"cucumber,mayonnaise,lime juice,chile pepper,basil,mint,tomato,red onion,corn",24,0.7g,4.6g,0.5g,1.1g,2g,0.3g,66.8mg,5,941.19833,39,1.7849585432222344,11.729727569746114,1.274970388015882,2.8049348536349403,5.099881552063528,0.764982233,170.33604383892182,0.169672,0.4326535513508613,384.3393134792324,B,6,Labels_MMCIS/Snack-204-Summer Corn Dip.jpeg,5,3,images/good_images/Snack-204-Summer Corn Dip-good.jpg,images/bad_images/Snack-204-Summer Corn Dip-bad.jpg,,./attractive_snacks/Summer Corn Dip.jpg
http://allrecipes.com/recipe/taco-dip/detail.aspx,Snack,http://images.media-allrecipes.com/userphotos/250x250/00/62/80/628052.jpg,Taco Dip,172,"sour cream,Cheddar cheese,olive,onion,tomato,lettuce,salsa,taco seasoning,bean",20,7.4g,14.2g,4.1g,2.6g,9.7g,5.4g,618.4mg,5,2972.4467000000004,149,4.979063207424375,9.554418587219748,2.758670155464856,1.749400586392348,6.526609880002221,3.6333704486610303,416.0882010096261,1.570736,1.0568640305644503,484.5365940455719,B,7,Labels_MMCIS/Snack-205-Taco Dip.jpeg,4.523809523809524,21,images/good_images/Snack-205-Taco Dip-good.jpg,images/bad_images/Snack-205-Taco Dip-bad.jpg,,./attractive_snacks/Taco Dip.jpg